beta	1	VANGL1,SNAPIN,UBE2Q1,NTRK1,IGSF9,F11R,NDUFS2,RGS8,APOBEC4,COLGALT2,EDEM3,ASCL5,CDK18,ANGEL2,TLR5,WNT4,ID3,C1orf101,RCAN3,ZSCAN20,TP73,MRPS15,C1orf122,YRDC,PPIE,ACOT11,DAB1,PLEKHG5,PDE4B,GIPC2,AGRN,UPF2,C10orf88,FAM171A1,ST8SIA6,DIP2C,GPRIN2,C10orf107,H2AFY2,CHST3,SFTPA1,FAM213A,SLC16A12,SLIT1,C11orf70,NLRX1,GRAMD1B,KCNJ11,ABCC8,INS,INS-IGF2,MPPED2,OSBPL5,EHF,SLC1A2,RRM1,ALKBH3,C11orf96,TP53I11,AGBL2,CD6,VPS37C,AHNAK,RARRES3,APBB1,TRIM3,FIBP,C2CD3,PPME1,KLHL35,CCDC89,STK33,TMEM9B,VSTM5,VSIG10,KIAA1467,ZNF140,PLBD1,KCNJ8,METTL20,KCNA6,GPD1,KCNA5,SLC4A8,MARCH9,CYP27B1,WIF1,ZNF384,BEST3,TPH2,TRHDE,KLRG1,M6PR,NALCN,PDX1,SMAD9,ADSSL1,CRIP2,TMEM55B,REM2,SLC7A8,EFS,THTPA,ZFHX2,REC8,CIDEB,LTB4R,LTB4R2,SDR39U1,C14orf166,NID2,PLEKHH1,TMEM229B,GALNT16,SMOC1,LTBP2,EIF2B2,FOS,AC007375.1,ZDHHC22,NRDE2,CHGA,GJD2,FBN1,ONECUT1,IGDCC3,SMAD6,RASGRF1,KIAA1199,NTRK3,SYNM,BAIAP3,SYT17,CLDN9,SHCBP1,MYLK3,ZNF423,POLR2C,CMTM3,KCTD19,LRRC36,TPPP3,VAC14,CMIP,SDR42E1,FLJ00104,BANP,RP11-830F9.6,SHISA6,ACE,FAM20A,BTBD17,TMEM95,RBFOX3,CHD3,AC129492.6,MPPE1,GATA6,IMPACT,ST8SIA5,TNFRSF11A,MAST3,IFI30,CRTC1,HPN,SIPA1L3,RINL,FBXO46,JOSD2,LENG8,MLLT1,MFSD9,TMEM182,POLR1B,SCTR,TMEM177,INHBB,CCDC74B,AMER3,LYPD6B,RBM43,ERMN,WIPF1,ZNF385B,C2orf88,DNAH7,SDC1,PARD3B,C2orf62,CRYBA2,AC011239.1,C2orf71,GALNT14,EHD3,PROKR1,CMPK2,RSAD2,CYP26B1,LRRTM1,ATOH8,ID2,SEMA4C,TMEM74B,OVOL2,AL121761.2,CST3,ZFP64,FERMT1,PRPF6,ZNF512B,PAK7,MRPL39,CYYR1,ADAMTS5,OLIG1,FAM3B,CECR1,P2RX6,TCF20,TTLL12,UPK3A,MGLL,RP11-723O4.6,EFCC1,KY,ESYT3,C3orf55,IL12A,SPTSSB,PDCD10,SERPINI1,GPR160,GHSR,TNFSF10,ST6GAL1,RPL39L,CPN2,THRB,CMTM7,TRANK1,HHATL,ZKSCAN7,SHISA5,CCDC71,KLHDC8B,BHLHE40,SRGAP3,PROS1,THUMPD3,PRRT3,ZNF518B,NEUROG2,NDST3,NDNF,GAB1,CC2D2A,C4orf46,ETFDH,LDB2,NEK1,FAM184B,SORBS2,F11,C4orf48,CCDC149,NSG1,CORIN,JAKMIP1,PDE6B,PCGF3,CXCL5,PRDM8,LOX,CCNI2,EGR1,DPYSL3,JAKMIP2,LPCAT1,FABP6,FGF18,DBN1,ADAMTS2,PDCD6,GHR,C5orf55,EXOC3,RGS7BP,FAM159B,UBE2QL1,TMEM171,BHMT2,DMGDH,ACOT12,GPR150,PCSK1,CCNC,SCML4,GPR6,HS3ST5,OLIG3,SYTL3,PDE10A,RNASET2,RP11-514O12.4,HIST1H3B,SERPINB1,GABBR1,PACSIN1,KCNK17,KCNK16,APOBEC2,TTBK1,KCNQ5,MRAP2,SRSF12,CEP41,AGBL3,ZC3HAV1L,KLRG2,RAB19,EPHB6,TMEM139,CNTNAP2,KCNH2,AGAP3,WDR86,TMEM184A,FAM188B,GCK,NACAD,IGFBP1,TMEM248,SEMA3D,SRI,PON1,PON3,TMEM130,C8orf74,RAD21,AARD,SLC30A8,LYNX1,GSDMD,ZNF395,ANK1,CEBPD,C8orf34,RP11-664D7.4,PRDM14,CRISPLD1,FABP5,PPP1R3B,RP11-10A14.4,RUNX1T1,GALNT12,RNF183,ADAMTSL2,SARDH,GPSM1,ZDHHC21,MAMDC2,TRPM6,ARMCX3,GPC3,TMLHE,MAP7D2,GLOD5,PCSK1N,ZMYM3
beta	2	MYBPHL,GSTM2,AL589765.1,RIIAD1,CCDC19,FAM163A,KIAA1614,RNF186,G0S2,USH2A,SNAP47,TTC39A,C1orf168,SLC44A3,TMEM72,C10orf10,PCDH15,ANK3,PDE6C,BACE1,LMO2,PRR5L,SLC43A1,MS4A8,PTGDR2,FAM181B,RFX4,TMTC1,DNM1L,SLC38A4,TMPRSS12,DPY19L2,KITLG,FGF14,TFDP1,SMIM2,DHRS2,SLC25A21,SLC25A21-AS1,SSTR1,TMEM63C,GPR68,SECISBP2L,ATP8B4,SLC27A2,SEMA4B,COG1,NAPG,GREB1L,RNF125,MYOM1,FHOD3,DLGAP1,CCDC11,EPB41L3,ATP8B1,GREB1,PROC,LY75,LY75-CD302,XIRP2,G6PC2,NEUROD1,ZSWIM2,CCDC150,MARS2,C2orf43,SLC16A14,FAM179A,CRIM1,DYSF,EGR4,AUP1,HTRA2,ID1,MAP3K7CL,HUNK,C2CD2,TSPEAR,GATA2,RBP1,TTC14,LEPREL1,FGF12,GADL1,LRRN1,CCR8,ZNF662,PRICKLE2,EIF4E3,GPR27,TTLL3,BANK1,SPON2,MGST2,DDX60,YTHDC1,SLC4A4,SCD5,MMRN1,SMARCAD1,SLCO4C1,EPB41L4A,EPB41L4A-AS2,ADAMTS19,CCDC69,ZNF622,WWC1,RXFP3,EMB,CCNH,MCTP1,HACE1,FAM162B,RNF217,SYNE1,NRSN1,HIST1H2BD,BMP5,OGFRL1,CDHR3,TMEM229A,DDC,NUPR1L,NKAIN3,CYP7B1,GDAP1,IL7,NECAB1,MATN2,SNAPC3,USP51,EDA
beta	3	PSRC1,AMPD2,MAN1A2,PRDM2,LIX1L,IL6R,ADAM15,SLC35E2B,CREG1,FAM129A,CD55,RNF187,STK40,TESK2,IPP,NFKB2,HSPA12A,ZEB1,KLF6,LCOR,ADM,ZC3H12C,RDX,FDX1,HYOU1,ARNTL,CYP2R1,SERGEF,C11orf80,WEE1,GABARAPL1,SLC41A2,NUAK1,ATP2A2,GATC,TRIAP1,DDIT3,MBD6,TBC1D30,TMBIM4,YEATS4,TPI1,LIG4,SLC7A1,SPG20,SPG20OS,BAZ1A,TRIM9,ERO1L,ARG2,GABRB3,EIF2AK4,TRPM7,MAPK6,TCF12,ZNF280D,USP3,SCAPER,MEX3B,GLYR1,UBN1,VPS4A,NFAT5,PHLPP2,ZNF821,TAOK1,RAB11FIP4,AC090616.2,RHOT1,DUSP14,LASP1,KRTAP4-5,UBE2G1,MAPT,GABARAP,TRIM65,ACTG1,ZNF396,ZBTB7C,LIPG,GPX4,CEBPG,ZNF526,C19orf73,PPFIA3,ZNF845,PTPRH,AC024592.12,FUT5,NDUFA11,VMAC,BAZ2B,NOSTRIN,TLK1,FKBP7,CREB1,TTLL4,DNAJB2,NCOA1,IFT172,CLIP4,ATP6V1E2,RHOQ,SPTBN1,VRK2,BFSP1,DSTN,TRIB3,CEBPB,WRB,HPS4,SRRD,SUN2,PVRL3,PHLDB2,EAF2,IQCB1,KPNA4,ARL14,ALG3,ECE2,STT3B,CTNNB1,SETD2,DALRD3,NDUFAF3,SHQ1,CCDC109B,LARP1B,TBC1D9,ARHGAP10,GALNT7,STIM2,UGDH,EPHA5,RUFY3,G3BP2,USO1,FAM47E,SCARB2,CEP120,MARCH3,PCDHAC2,NR3C1,FAM193B,CDH6,TTC23L,SIM1,BEND3,FOXO3,AMD1,TRAF3IP2,SMPDL3A,MAP3K5,PERP,ABRACL,HECA,HIVEP2,UTRN,EPM2A,FBXO30,SHPRH,SAMD5,TMEM242,QKI,ATXN1,MLLT4,DEK,HIST1H4H,MDC1,UNC5CL,GLTSCR1L,SRF,VEGFA,SLC29A1,HSP90AB1,NFKBIE,FUT9,POU3F2,NAMPT,ST7,ST7-OT4,AASS,MPP6,SDK1,ELMO1,BCL7B,CLDN12,RIMS2,RP11-422N16.3,SYBU,EXT1,KHDRBS3,DCTN6,SDC2,TGFBR1,KLF4,C9orf78,USP20,RALGDS,UNC13B,RUSC2,ZCCHC7,DCAF10,SLC1A1,TMEM2,ZFAND5,ISCA1,NFIL3,CTSV,ZNF674
beta	4	SARS,PLEKHO1,DCAF6,MPC2,SLC19A2,LAMC1,PTGS2,AKR7A2,PQLC2,RABIF,C1orf116,SERTAD4,SH2D5,ATF3,PROX1,IRF2BP2,SESN2,OMA1,KLHL21,GNG5,SYDE2,LMO4,FAM69A,CELF2,KIAA1598,CACNB2,ADK,NCAM1,ETS1,BTBD10,CKAP5,BEST1,GAB2,TXNRD1,C2CD5,RASSF8,TMBIM6,HELB,OSBPL8,E2F7,C12orf79,IRS2,FRY,DGKH,ENOX1,FNDC3A,PCK2,DTD2,RP11-176H8.1,GPHN,STON2,EML5,C14orf159,RPS6KA5,DLL4,CHAC1,TYRO3,ZNF609,MAP2K1,TIPIN,SMAD3,COX5A,C15orf39,UBE2I,TNFRSF12A,RP11-529K1.3,RP11-385D13.1,EFCAB5,SSH2,ATXN7L3,GAREM,SYT4,ADCYAP1,PLA2G4C,WDSUB1,MYO3B,PDK1,OSBPL6,NABP1,MAPRE3,FOSL2,LTBP1,FBXO11,RTN4,BOLA3,MTHFD2,AC092675.3,PCSK2,RUNX1,FBXO7,ALCAM,C3orf52,ATG3,SLC35A5,CP,TNIK,NCEH1,LPP,OSBPL10,ZNF860,ABHD5,WDR82,CADPS,SLC25A26,ROBO2,DCBLD2,SGMS2,ANK2,MAML3,FAM160A1,MARCH1,SH3RF1,UCHL1,REST,AGPAT9,PPM1K,SNCA,DCTN4,SQSTM1,CTC-534A2.2,TRAPPC13,TRIM23,TNPO1,ARHGEF28,HEXB,CD164,FRK,PKIB,SGK1,PPP1R14C,GPR115,ICK,FAM46A,LSMEM1,TES,MET,CREB5,CDK13,TNS3,C1GALT1,RUNDC3B,RNF19A,SLC39A14,DUSP4,C8orf86,XKR4,TGS1,TMEM68,ZC2HC1A,ZBTB10,TMEM64,CTNNAL1,KLF9,PSAT1,TLE1,DAPK1,ZNF367,LONRF3
beta	5	RCC2,PLA2G4A,KCNK1,GPATCH3,FOXJ3,YBX1,SLC2A1,MAST2,MCOLN3,WDR63,CDC7,DNTTIP2,ABLIM1,VIM,COMMD3,COMMD3-BMI1,KIAA1217,ARHGAP21,AIFM2,MRPS16,ZCCHC24,BIRC2,MMP10,KDELC2,CRYAB,HSPB2,PHLDB1,FOSL1,CHKA,PDE2A,GDPD5,CABP1,CLIP1,PITPNM2,NDUFA4L2,STARD13,NAA16,GPR183,NEDD4,WHAMM,ISG20,GNPTG,TSR3,EME2,MRPS34,DOC2A,MLYCD,SLC7A5,FLCN,FAM83G,KRTAP2-4,PTGES3L,PTGES3L-AARSD1,RUNDC1,KANSL1,SPHK1,LGALS3BP,ALOXE3,CHERP,ADCK4,ITPKC,DEDD2,ZNF841,BARD1,LBH,RASGRP3,ATL2,INO80B,SSTR4,MAFF,HEG1,SRPRB,TM4SF4,RSRC1,ZMAT3,LAMP3,TGFBR2,SLC7A11,PALLD,PPARGC1A,CNOT6L,IL31RA,DEPDC1B,NEDD9,RAET1G,ULBP2,ULBP1,DTNBP1,MAP3K4,CD109,ACHE,CPA5,OSBPL3,KPNA7,BNIP3L,SULF1,ASS1,NRARP,RRAGA,C9orf131,FLJ00273,GLIS3
delta	1	MLLT11,S100A1,USH2A,NR0B2,TMEM72,DHRS2,ZNF213,GLIS2,CDT1,ACSF3,TRPV3,CWC25,ARHGAP27,FXYD5,AC079354.1,CYP27A1,BPIFC,HHLA2,LRRN1,ARHGEF38,NDNF,COL4A3BP,POLK,TMEM244,C6orf118,HLA-G,MDFI,EYS,TFR2,CDHR3,NOS3,ATP11C
delta	2	S100A10,TNR,DMAP1,AJAP1,FRMD8,BCL7A,TCTN2,LATS2,GCHFR,CLEC16A,TMC7,CPNE2,SPIRE2,MRM1,GJD3,ETV4,PRR15L,C17orf107,SPHK1,CHERP,SLC1A5,ATF5,IL4I1,NUP62,ZNF614,ZNF816,SMYD5,ADRA2B,GAS2L1,ELFN2,SH3BP2,ITGA2,BVES,GPER1,GPAA1,LRRC14,RECQL4,C8orf58,RBMX2,SMIM10
delta	3	PSMA5,PTCHD2,ADAM15,EPHA2,TMCO1,UCK2,LAMC1,RNPEP,KLHL12,PIK3C2B,HHAT,SLC30A1,AIDA,BROX,MLK4,SESN2,KHDRBS1,SH3D21,MANEAL,RLF,ZFYVE9,CC2D1B,ST6GALNAC5,BCAR3,GCLM,MGEA5,RAB11FIP2,C10orf137,ZSWIM8,NDST2,AP3M1,CPEB3,MARCH5,ZNF259,CYP2R1,PIK3C2A,GANAB,ORAOV1,CD151,GLT8D2,HCFC2,SLC41A2,FAM216A,GPN3,ETV6,ORAI1,CCDC92,FAM101A,ZNF664,ADIPOR2,ESPL1,BAZ2A,SLC35E3,OSBPL8,CEP290,TMTC3,SOCS2,IRS2,ARHGEF7,DOCK9,EVL,MOK,MARK3,PPP1R3E,PSMA3,PRKCH,TMEM30B,SPTB,COQ6,FAM161B,TTC8,MOAP1,RP11-371E8.4,TMEM251,CYFIP1,LPCAT4,CTXN2,SLC12A1,AC069368.3,PLEKHO2,LARP6,ABCA3,ADCY9,KIAA0895L,COG4,SF3B3,AC090616.2,RHOT1,SLC35B1,SEC14L1,GAA,GNAL,RBBP8,VAPA,SERTAD1,ADCK4,ITPKC,RELB,ZNF296,BLOC1S3,TRAPPC6A,ZNF83,ZNF446,HNRNPM,KLF11,TGFBRAP1,CERS6,UBR3,CHN1,ING5,ACTR2,RAD21L1,BFSP1,DSTN,STK35,TMEM230,USP25,ZBTB21,SLC35E4,FBXO7,ACAD11,UBA5,CDV3,C3orf33,MFSD1,RPL22L1,DCUN1D1,UBE2E2,NGLY1,OXSM,NEK10,OSBPL10,ZNF860,PDCD6IP,LRRFIP2,GLT8D1,SPCS1,SGMS2,SCOC,LSM6,CPEB2,FAM149A,STIM2,RUFY3,ZCCHC10,PKD2L2,FAM53C,CTNNA1,PTTG1,SLU7,C5orf45,CTC-241N9.1,SPEF2,ERBB2IP,NT5DC1,MAP3K5,MCUR1,UTRN,ULBP3,MLLT4,CAP2,LRRC16A,ZSCAN31,CMTR1,SAYSD1,KLC4,MRPL2,DOPEY1,MDN1,LRRC4,ZNF746,GALNT11,TRA2A,CAMK2B,POM121,GATAD1,NCALD,ZDHHC2,INTS10,CLU,GSR,ATP6V1H,TMEM70,WWP1,RIPK2,TBC1D2,C9orf96,SURF4,RNF38,JAK2,KIAA1432,TMEM2
delta	4	PGD,CTTNBP2NL,RSBN1,NUDT17,DNAJC16,RCOR3,RCC1,BMP8A,FOXJ3,SPATA6,OMA1,TM2D1,KLHL21,FAM178A,NEURL,BUB3,TUBGCP2,ZNF511,PPP3CB,ZNF503,CCSER2,NCAM1,FAM118B,RPUSD4,APLP2,NAV2,TUT1,WEE1,CRY1,PPTC7,SETD8,DUSP16,METTL20,EIF4B,TBC1D15,NALCN,ERCC5,PPP2R5C,AKAP6,JDP2,CCNDBP1,SHF,RNF111,SMG1,CBLN1,CMTM4,SMCR8,TOP3A,MYO19,PIGW,DUSP14,C17orf96,C17orf67,DGKE,MRPS23,SRSF1,ABCA5,WBP2,MFSD11,SRSF2,EIF4A1,LPIN2,ASF1B,THAP8,WDR62,ZFP28,RNF149,MAP4K4,SLC20A1,AC011897.1,TTC30B,SESTD1,NOP58,ARPC2,EIF4E2,TIGD1,FAM228B,PFN4,ASXL2,EPT1,GPR113,PCYOX1,EIF2AK3,CNNM4,EBF4,AP5S1,MAFB,PLTP,GMEB2,NRIP1,SOD1,EVA1C,TBC1D10A,DUSP18,CBX7,MKL1,STXBP5L,TRPC1,VPRBP,AP001816.1,PPP3CA,HSPA4L,FAM160A1,ANKRD17,LIN54,HERC3,LSM11,RNF145,FBXW11,PLK2,KIAA1244,MTRF1L,RGS17,C6orf99,ATXN1,DXO,STK19,PM20D2,HBP1,GCC1,COPG2,MKRN1,RHEB,PAXIP1,DYNC1I1,FDFT1,RP11-297N6.4,SLC30A8,FAM91A1,KIAA0196,NSMCE2,DGAT1,KAT6A,PCMTD1,RBM12B,RBM12B-AS1,NIPSNAP3A,KIAA0368,RC3H2,ARPC5L,RPL35,GOLGA1,SETX,ACER2,KIAA0020,SMC5,SPIN1,SCML1,SAT1,PIM2
delta	5	EXTL2,SLC30A7,C1orf159,NTNG1,PSRC1,RBM15,LRIF1,FAM212B,AP4B1,DCLRE1B,TRIM33,CPSF3L,GLTPD1,LIX1L,CDC42SE1,GABPB2,LYSMD1,SCNM1,S100A2,GATAD2B,IL6R,TMEM51,PYGO2,SLC50A1,DAP3,YY1AP1,LMNA,HDGF,DDI2,DEDD,HSPA6,ATF6,MGST3,MPZL1,FMO4,CACYBP,MRPS14,SOAT1,LAMC2,TROVE2,UCHL5,TMEM9,NUAK2,CD55,LPGAT1,TRIM17,TBCE,FMN2,FH,PANK4,ZNF669,FAM76A,PTP4A2,AK2,UTP11L,MYCL,CTPS1,BTBD19,TCTEX1D4,PIK3R3,LRRC41,UQCRH,ELAVL4,RNF11,RAB3B,ZYG11B,DNAJC11,SRSF11,CRYZ,TYW3,ERRFI1,LPHN2,PRKACB,CTBS,PKN2,ZNF326,CDC7,ABCD3,F3,CTNNBIP1,BLOC1S2,FBXW4,C10orf76,NOLC1,SH3PXD2A,XPNPEP1,SMNDC1,CASP7,INPP5A,GPR123,CASC10,COMMD3,COMMD3-BMI1,CSGALNACT2,ERCC6,ERCC6-PGBD3,PGBD3,DDX50,DNAJB12,CHCHD1,COMTD1,ZCCHC24,IFIT1,TM9SF3,CUL5,ZBED5,PTS,SORL1,HSPA8,SCN3B,HYLS1,BTBD10,RRAS2,HIPK3,C11orf91,SLC39A13,PHRF1,STX3,AP003733.1,FTH1,PLA2G16,BAD,SMPD1,RIN1,CTTN,LIPT2,POLD3,RNF169,TPBGL,GAB2,EIF3F,ENDOD1,SESN3,DEPDC4,SCYL2,GAS2L3,DRAM1,ASCL1,PAH,UNG,ACAD10,BRAP,TRAFD1,PLBD2,SLC8B1,RBM19,PEBP1,SUDS3,CLIP1,DENR,C12orf65,MPHOSPH9,GPR19,ZNF140,ETNK1,ITPR2,DENND5B,PKP2,SLC48A1,DKFZP779L1853,NCKAP5L,BCDIN3D,COX14,DAZAP2,SCN8A,C12orf44,CSAD,ZNF740,SP1,ATF7,RP11-793H13.10,CBX5,HNRNPA1,ORMDL2,SARNP,SPRYD4,B4GALNT3,ATP5B,METTL1,METTL21B,RP11-571M6.15,PPM1H,GAPDH,TMBIM4,RAP1B,NUP107,YEATS4,CNOT2,C1RL,RP11-181C3.1,ANKRD10,MCF2L,SACS,RNF6,SPG20,SPG20OS,ENOX1,DIS3,PIBF1,IPO5,CYP46A1,TRAF3,EIF5,KLC1,PPP1R13B,SUPT16H,AL049829.1,PABPN1,EGLN3,BAZ1A,DNAAF2,TMEM260,JKAMP,L3HYPDH,SYNE2,MTHFD1,GPHN,ARG2,SRSF5,NUMB,DLST,C14orf1,TTLL5,GALC,PSMC1,GOLGA5,BTBD7,UNC79,CHSY1,TARSL2,UBE3A,NDNL2,MTMR10,DPH6,RASGRP1,C15orf57,CHAC1,GANC,TMEM87A,MAP1A,TP53BP1,PDIA3,CTDSPL2,MYEF2,CEP152,AP4E1,FAM63B,USP3,SMAD3,GLCE,CELF6,NEO1,SCAMP2,ETFA,IDH3A,BTBD1,DET1,ISG20,IDH2,CIB1,GDPGP1,ZNF774,RCCD1,CHD2,ARRDC4,NUBP1,SOCS1,COQ7,ECI1,TNFRSF12A,SRCAP,DNAJA2,LONP2,CHD9,FTO,RPGRIP1L,MT1X,HERPUD1,ARL2BP,GPR56,RAB40C,PSKH1,DDX28,DUS2,ESRP2,RP11-529K1.3,ZNF23,PHLPP2,TLDC1,RPL13,CDK10,RP11-368I7.4,ELAC2,PSMB3,PIP4K2B,CAMKK1,SMARCE1,DNAJC7,NKIRAS2,MPP3,ATXN7L3,CDK5RAP3,KAT7,ENO3,PFN1,SPAG9,ZNF594,COIL,PPM1D,CYB561,CEP95,DDX5,KPNA2,ACADVL,CTDNEP1,ELP5,H3F3B,CBX4,EIF4A3,SLC25A10,PCYT2,MAFG,B3GNTL1,CTC1,PFAS,AP005482.1,PSMG2,SPIRE1,SNRPD1,TAF4B,SETBP1,C18orf32,ELAC1,SMAD4,RNF152,ZCCHC2,PARD6G,DNM2,C19orf24,DHPS,MRPL34,SLC27A1,SSBP4,LRP3,CEBPG,FZR1,MFSD12,NFKBIB,SIRT2,CIC,MPND,SMG9,TOMM40,OPA3,DPP9,CYTH2,RRAS,FUZ,MED25,PPP6R1,ZNF749,ZNF417,ZNF132,EVI5L,PTBP1,REV1,GRHL1,ACTR3,RALB,MAP3K2,WDR33,CCDC115,IMP4,PLEKHB2,GPR39,DYNC1I2,DLX1,OLA1,NFE2L2,GEN1,SMC6,FZD7,FAM117B,METTL21A,MAP2,IKZF2,RQCD1,USP37,PTPRN,ATG16L1,AGBL5,ZNF512,CCDC121,GPN1,ALK,RASGRP3,ATL2,MSH2,FBXO11,UGP2,VPS54,TMEM18,FAM136A,RNF144A,RAB11FIP5,MOB1A,WBP1,MAT2A,IMMT,TMEM131,AC092675.3,EIF5B,TXNDC9,SIRPA,CBFA2T2,ACTL10,NECAB3,CEP250,GDF5,TRIB3,RBCK1,YWHAB,PCIF1,CRLS1,SCAF4,IFNAR2,DONSON,MRPS6,SLC5A3,PIGP,TTC3,PWP2,PTTG1IP,DIP2A,AC006946.15,CECR6,SMARCB1,MIF,KREMEN1,THOC5,RBFOX2,FOXRED2,IFT27,POLDIP3,WNT7B,ALG12,CRELD2,NIT2,ZBTB20,VGLL4,LRRC58,ABTB1,NPHP3,NCK1,DZIP1L,RNF7,CHCHD4,TMEM43,ATR,PLS1,SLC6A6,RNF13,TSC22D2,RSRC1,SEC62,FNDC3B,TBC1D5,ZNF639,FXR1,ABCC5,TCTEX1D2,IQCG,LMLN,AZI2,ZCWPW2,GLB1,TMPPE,OXSR1,ZNF621,CTNNB1,HIGD1A,NCKIPSD,PRKAR2A,WDR6,DALRD3,NDUFAF3,IMPDH2,RASSF1,ARL8B,ABHD14A,ABHD14A-ACY1,ABHD14B,ACY1,RP11-155D18.14,BAP1,PHF7,SLMAP,PDHB,ATXN7,SLC25A26,HADH,PHF17,C4orf33,SCLT1,SMARCA5,ARHGAP10,LRBA,MED28,WHSC1,HAUS3,POLN,PPARGC1A,SEPSECS,ZCCHC4,AC021860.1,KLF3,UCHL1,ATP10D,CNGA1,NIPAL1,TEC,PIGG,CRMP1,WFS1,CCDC96,TADA2B,USO1,CNOT6L,C4orf22,COQ2,AGPAT9,NKX6-1,CCT5,FAM173B,IRF1,CTD-2410N18.5,PPP2CA,BRD8,KIF20A,HBEGF,PCDH1,RNF14,DCTN4,C5orf54,FAF2,NSD1,PRKAA1,ZNF131,DHX29,SKIV2L2,IL6ST,MIER3,CCNB1,MRPS27,PTCD2,HMGCR,SYCP2L,TMEM14B,REV3L,NEDD9,FAM229B,TUBE1,ZUFSP,SAMD3,TMEM200A,ENPP1,RPS12,RANBP9,REPS1,PPIL4,LRP11,ZBTB2,TMEM242,IGF2R,C6orf62,ZNF184,WRNIP1,ZBTB22,KCTD20,PXT1,CDKN1A,NFYA,OARD1,LRRC73,POLR1C,HSP90AB1,RPP40,HMGCLL1,EXOC2,SH3BGRL2,BLOC1S5,UBE3D,VGF,IMMP2L,MET,ZNF800,NRF1,NUP205,UBN2,ZNF786,ZNF783,FASTK,ABCF2,NUB1,HDAC9,FAM20C,CYCS,CREB5,GARS,GLI3,STK17A,YKT6,LANCL2,FAM220A,DAGLB,BCL7B,RHBDD2,CDK6,FAM200A,ZNF655,AP4M1,MCM7,C7orf43,ZHX1,TMEM65,KHDRBS3,ZNF623,ZNF7,CLN8,NUDT18,REEP4,BMP1,SLC25A37,DUSP4,DCTN6,FNTA,RB1CC1,MRPL15,TOX,CHD7,MYBL1,LACTB2,XKR9,ZBTB10,PAG1,MMP16,OTUD6B,TNKS,GEM,INTS8,STK3,NCBP1,TSTD2,ERP44,INVS,TEX10,HSDL2,CNTRL,PBX3,FAM129B,FAM102A,URM1,CCBL1,LRRC8A,ASB6,BRD3,TRAF2,C9orf142,ENTPD2,ZMYND19,RRAGA,SMARCA2,VLDLR,UBAP2,KIAA1161,C9orf131,FLJ00273,UNC13B,CREB3,TLN1,POLR1E,SHB,GLIS3,CEP78,ISCA1,FAM120A,FAM120AOS,FAM199X,FHL1,MECP2,SLC10A3,CNKSR2,TSPAN7,SUV39H1,PLP2,ZXDB
delta	6	SLC35A3,GSTM4,SLC6A17,TARDBP,PIFO,GDAP2,WDR3,VWA1,PLEKHO1,C1orf51,SNX27,JTB,DCAF8,NOS1AP,CDK11A,ILDR2,CREG1,PRRC2C,PRDX6,IER5,GNB1,TMEM52,HMCN1,DENND1B,ZNF281,IPO9,UBE2T,SH2D5,BATF3,KCTD3,GPR137B,CLIC4,SLC9A1,GPR3,STX12,PPIE,CITED4,CCDC23,ERMAP,SLC6A9,UROD,ECHDC2,SCP2,YIPF1,SGIP1,FPGT,FPGT-TNNI3K,LRRIQ3,TNNI3K,ZZZ3,SLC45A1,SYDE2,DNMBP,GBF1,ECHDC3,SFXN4,DOCK1,SEPHS1,STK32C,NSUN6,ZNF33A,ZNF37A,ALOX5,ZNF488,WAPAL,PDE6C,DCUN1D5,SBF2,AMPD3,CASP4,ATM,NPAT,TTC12,H2AFX,CBL,ETS1,SLC17A6,SLC1A2,LDLRAD3,CKAP5,ARFGAP2,PACSIN3,MTCH2,PTPRJ,SSRP1,INCENP,SCYL1,SF3B2,POLD4,RAD9A,FADD,ATG16L2,NEU3,SERPINH1,CAPN5,TUB,RPLP2,C11orf73,NRIP3,SLC5A8,GABARAPL1,ALDH1L2,PWP1,WSCD2,SART3,PXN,MLEC,PITPNM2,AEBP2,LDHB,KIF21A,ZCRB1,PFKM,SENP1,FKBP11,AAAS,ATP5G2,BLOC1S1,RP11-644F5.10,CDK4,MDM1,MDM2,RAB3IP,PEX5,PHLDA1,PPP1R12A,NEDD1,EFNB2,XPO4,GPALPP1,NUFIP1,RB1,CCDC70,KCTD12,GPC5,ABCC4,NGDN,IRF9,CBLN3,KHNYN,NOVA1,FOXA1,TTC6,FANCM,CNIH1,TOMM20L,KIAA0586,TIMM9,HIF1A,SNAPC1,ZFP36L1,TDP1,VIMP,NIPA1,KLF13,SCG5,RPUSD2,DNAJC17,ZFYVE19,ELL3,MFAP1,FRMD5,SPG11,TRIM69,SQRDL,LEO1,C15orf65,CCPG1,DYX1C1,PYGO1,NEDD4,RFX7,TEX9,TCF12,ZNF280D,GTF2A2,ANXA2,LACTB,DAPK2,FAM96A,SNX1,ZNF609,ISLR2,MAN2C1,TMED3,ABHD17C,CPEB1,WHAMM,NMB,IGF1R,C16orf45,ABCC1,XYLT1,EME2,MRPS34,THUMPD1,AC004381.6,ATP6C,ATP6V0C,GTF3C1,KIAA0556,RABEP2,PAGR1,CORO1A,KAT8,ZNF263,UBALD1,ORC6,VPS35,NUDT16L1,N4BP1,GNAO1,NUDT21,OGFOD1,USB1,ZNF319,CCDC113,CBFB,C16orf70,B3GNT9,CTCF,PMFBP1,RFWD3,MLKL,RP11-77K12.1,TMEM170A,OSGIN1,COTL1,KLHDC4,SNAI3,SPG7,RP11-385D13.1,MFAP4,ALDH3A2,METTL16,ALDOC,ERAL1,TAOK1,COPRS,AATF,TOP2A,IGFBP4,KRTAP4-5,C17orf53,DCAKD,NMT1,KPNB1,TBKBP1,PHB,XYLT2,RNF167,SLC25A11,ZFP3,COX11,STXBP4,MSI2,BCAS3,SMURF2,DVL2,UNC13D,FOXJ1,CHMP6,AZI1,ARL16,HGS,FASN,TUBB6,ABHD3,CDH2,B4GALT6,MYL12A,PIK3C3,SYT4,PSTPIP2,LIPG,MYO5B,MALT1,C18orf56,TYMS,AC139100.2,TWSG1,CDC37,ZNF653,KLHL26,ARMC6,SUGP2,ZNF253,ZNF555,ZNF556,PEPD,ZNF382,ZNF529,HKR1,FAM98C,EID2,ZNF45,UBXN6,PVRL2,NPAS1,CCDC9,ZNF841,ZNF765,ZNF444,ZNF470,CATSPERD,LONP1,RPS5,C19orf82,ZNF561,PDCL3,MRPS9,PAX8,CLASP1,FAM168B,MGAT5,UBXN4,KIF5C,PSMD14,NOSTRIN,GORASP2,PDK1,PDE1A,DNAJC10,AC018867.1,INPP1,FARP2,LBH,AC007390.5,SULT6B1,ERLEC1,GPR75-ASB3,PCGF1,CTNNA2,MRPS5,ARID5A,SDCBP2,TASP1,SNRPB2,XRN2,NXT1,CCM2L,DYNLRB1,SAMHD1,PLCG1,STX16,OSBPL2,RTEL1,ARFRP1,ZGPAT,DNAJC5,TMPRSS15,C22orf39,UBE2L3,PITPNB,TXN2,CSNK1E,EMC3,WDR5B,PDIA5,KLF15,SRPRB,CLSTN2,PLOD2,COMMD2,SELT,MBNL1,CAPN7,SH3BP5,ARHGEF26,VEPH1,ARL14,MYNN,UBXN7,SLC4A7,CMC1,TGFBR2,KIAA1143,KIF15,SUMF1,ITPR1,LZTFL1,SETD2,BSN,RBM6,TLR9,TWF2,ERC2,ARHGEF3,C3orf67,PSMD6,PROS1,DCBLD2,RPUSD3,SLC9B2,MARCH1,PALLD,ACSL1,F11,N4BP2,LIMCH1,GABRB1,MRFAP1,FAM47E,SCARB2,CPLX1,PAM,AP3S1,ATG12,LMNB1,CTXN3,CDKN2AIPNL,APBB3,SLC35A4,HARS,HARS2,PPARGC1B,ARSI,SLC36A1,GALNT10,HAVCR2,ITK,MED7,CYFIP2,RPL26L1,PDLIM7,ZNF354B,PDZD2,ANXA2R,DIMT1,IPO11,FOXD1,ANKRA2,UTP15,SV2C,ZBED3,ATG10,FAM172A,ANKRD32,KIAA0825,ASCC3,GCNT6,SNX3,ZBTB24,CEP85L,FAM184A,PKIB,IFNGR1,PERP,AIG1,RAET1G,PPP1R14C,DYNLT1,MPC1,HIST1H2AB,BTN2A2,ZNF165,SCAND3,RIPK1,BPHL,APOM,BAG6,HSPA1A,HSPA1L,PPARD,STK38,PIM1,TBC1D22B,TMEM217,TJAP1,NFKBIE,SUPT3H,CLIC5,TNFRSF21,IRAK1BP1,ME1,ANKRD6,POU3F2,ACHE,PNPLA8,LSMEM1,TSPAN12,SMKR1,CPA4,CPA5,LRGUK,CNOT4,KIAA1147,PRKAG2,PAXIP1-AS2,FAM221A,CHST12,WIPF3,UBE2D4,URGCP,ZNF727,VKORC1L1,ZNF12,ZKSCAN5,GPC2,STAG3,YWHAZ,PINX1,SOX7,ANGPT1,ENY2,NUDCD1,RP11-422N16.3,SYBU,NEIL2,KIAA1456,GLI4,MAFA,PYCRL,ARHGEF10,EGR3,BNIP3L,GTF2E2,RP11-382J12.1,TRAM1,CPQ,TSPYL5,NIPSNAP3B,PSMB7,MAPKAP1,ZNF79,PIP5KL1,FAM73B,FUBP3,RXRA,NRARP,NFIB,CAAP1,IFT74,PLAA,DCTN3,KIAA1045,RUSC2,PSAT1,HNRNPK,RMI1,ZCCHC6,ZNF484,RAB9B,SLC25A5,NKRF,MBNL3,TMEM185A,NAA10,GDI1,ASMTL,TIMP1,SLC35A2,GRIPAP1,YIPF6,NONO,RPS4X
delta	7	CEPT1,DRAM2,MTMR11,ILF2,AL590822.2,MTR,RPS6KA1,MAP3K6,PUM1,SFPQ,CLSPN,STK40,SLC2A1,RABGGTB,SH3GLB1,CCDC18,TMED5,TACC2,AL360181.1,PAOX,ZEB1,HNRNPF,EIF4EBP2,TNKS2,EXOSC1,ZDHHC16,ARHGAP42,C11orf57,PIH1D2,PHLDB1,PRDM10,PDE3B,PSMA1,CCDC34,ELP4,IMMP1L,SLC35C1,CYB561A3,TMEM138,CPSF7,RP11-286N22.8,SDHAF2,RBM4,CPT1A,C11orf54,TAF1D,FUT4,TXNRD1,CKAP4,VPS33A,CCDC62,EP400NL,RHEBL1,LMBR1L,FMNL3,THAP2,ZFC3H1,CSRP2,CDK8,WASF3,ALG5,EXOSC8,CEP170B,AL163636.6,ANG,RNASE4,ZNF219,RBM23,RALGAPA1,MPP5,ERH,SLC39A9,PCNX,MEF2A,NIPA2,TJP1,DNAJA4,C15orf37,C15ORF37,ST20,ST20-MTHFS,CPPED1,UBE2I,MAPK8IP3,POLR3E,KCTD13,ZNF768,RBL2,AP1G1,LLGL1,NUFIP2,MYO1D,SOCS7,PLXDC1,EZH1,SLC16A13,CASKIN2,TSEN54,TRIM65,PRPSAP1,ENDOV,IMPA2,FAM210A,RNMT,MAN2B1,WDR83,C19orf43,GCDH,FARSA,PAK4,EEF2,ZNF160,CNOT11,CHCHD5,C2orf76,DBI,EPC2,ZC3H15,C2orf69,FASTKD2,MDH1B,DNAJB2,ITM2C,TRAF3IP1,DTYMK,FOSL2,REL,BTBD3,ABHD12,ZNF335,CEBPB,APP,PI4KA,SNAP29,YDJC,TOB2,PIK3R4,EIF5A2,MCF2L2,EIF2B5,ATP13A3,CMTM6,ABHD5,ANO10,ARIH2,ARIH2OS,DAG1,TEX264,PDE12,EPHA6,CRELD1,NFKB1,INTU,SLC7A11,CCRN4L,FBXW7,NELFA,GUF1,YIPF7,COMMD8,FIP1L1,AFF1,SMAD5,PURA,SLIT3,CTC-534A2.2,TRAPPC13,TRIM23,HOMER1,CD164,AMD1,SF3B5,KATNA1,MAP3K4,HLA-A,TRIM39,KLHDC3,MEA1,MRPL14,TMEM63B,SLC35B2,COX7A2,CALU,YAE1D1,INHBA,ACTB,DBF4,SLC25A40,BUD31,PDAP1,EFR3A,AGO2,FZD3,EXTL3,HOOK3,RNF170,E2F5,SDC2,MSANTD3,FAM206A,IKBKAP,ZBTB34,WDR5,KLHL9,APTX,CTSV,IRAK1
delta	8	WNT2B,ATP1A1,AGTRAP,SCNN1D,CEP350,NEK7,ATF3,BPNT1,HIST3H2A,HIST3H2BB,RAB4A,C1orf131,GNPAT,KDM1A,LGALS8,EFCAB14,ATRNL1,CCAR1,BUD13,ARHGEF12,ARHGAP32,OSBP,EML3,ROM1,PLCB3,FOSL1,PGM2L1,MAPKAPK5,SLC15A4,GPRC5A,VWA8,CDH24,GMPR2,NEDD8,NEDD8-MDP1,ITPK1,POLR2M,SLTM,HERC1,ACSM3,FLYWCH1,FAM83G,SMG6,SRR,SYNRG,PTGES3L,PTGES3L-AARSD1,RUNDC1,CLTC,HEATR6,TMEM95,NARF,SMCHD1,AP1M1,TMEM145,ZNF284,CD320,NCK2,RANBP2,ZEB2,MBD5,ORC4,GPD2,OSBPL6,SLC39A10,BARD1,EPHA4,PSMD1,NGEF,HES6,NCOA1,DTNB,PRKD3,KCNG3,MTA3,ETAA1,POLR1A,PTCD3,NANP,ATRN,GPCPD1,CHAF1B,TUBA8,DGCR6,RANBP1,TRMT2A,SELO,ALCAM,DTX3L,PARP9,RPL32,NLGN1,IGF2BP2,EFHB,RAB5A,PRKCD,AP1AR,TBC1D9,LCORL,PI4K2B,FAM114A1,GAK,TMEM175,C5orf30,YTHDC2,TBC1D9B,DEPDC1B,PIK3R1,TNPO1,GLRX,SERPINB6,RIPPLY2,NDUFAF4,AC005481.5,ESYT2,FOXK1,RADIL,WIPI2,USP42,ZDHHC4,HEATR2,PRKAR1B,CPSF4,PTCD1,MRPL13,MTBP,NEFM,PKIA,CCNE2,LAPTM4B,RPL30,CTNNAL1,MRRF,RBM18,WDR38,MRPL41,CNTFR,IL11RA,GRHPR,ERMP1,NFIL3,IARS,CSTF2,TCEAL1,DOCK11,NKAP,ZDHHC9,MPP1,SMS,CXorf38,ATRX,BRWD3
delta	9	EXOSC10,CHD1L,POGZ,PEA15,NDUFS2,TIPRL,RASAL2,WDR26,LUZP1,CEP170,SDCCAG8,C1orf63,STMN1,PDIK1L,NUDC,KPNA6,MARCKSL1,LRRC47,FAF1,LRRC40,SSX2IP,HES4,NFKB2,SLK,DUSP5,ATE1,OAT,METTL10,PWWP2B,BMI1,PSAP,ECD,FAM149B1,VDAC2,IDE,BIRC2,MMP10,ARHGAP20,TEAD1,SVIP,RCE1,SYT12,FCHSD2,MRPL48,DKFZP434E1119,PAK1,CREBZF,CORO1C,ATP2A2,HECTD4,P2RX4,LOH12CR1,LOH12CR2,STX2,GOLGA3,PRR13,NABP2,RNF41,LRIG3,C12orf61,TBK1,PTMS,LEPREL2,CCDC59,METTL25,NAA16,FNDC3A,EBPL,SCEL,ZBTB42,NUDT14,RNASE7,SEC23A,FBXO34,AP5M1,EXOC5,ACTR10,PNMA1,NUSAP1,OIP5,MGA,B2M,DMXL2,RSL24D1,RPLP1,PKM,TSPAN3,POLG,CRAMP1L,IFT140,TMEM219,PAM16,GLYR1,UBN1,NFATC3,NFAT5,KARS,TERF2IP,CRK,WDR81,UBB,ZNF624,RASD1,DHRS13,SUZ12,LRRC37B,GGNBP2,RP11-1407O15.2,LASP1,FBXL20,CYB5D2,ZZEF1,UBTF,UBE2G1,DYNLL2,PTRH2,VMP1,RNFT1,PSMD12,NEURL4,ACOX1,TEN1,TBCD,THOC1,ADNP2,ZNF490,ZNF791,MUM1,NDUFS7,DNAJB1,GADD45B,MED29,PAF1,HSPBP1,ZNF471,KCNF1,DDX18,CNTNAP5,TANK,COBLL1,STK39,METTL5,METAP1D,KIAA1715,STAT4,SGOL2,ATIC,SMARCAL1,TUBA4A,HADHA,HADHB,MAPRE3,CCT4,COMMD1,SLC1A4,NOP56,C20orf112,SCAND1,SDC4,SNAI1,DIDO1,GID8,C21orf119,URB1,DDX17,JOSD1,DESI1,XRCC6,HSPBAP1,ZNF148,TSEN2,RYK,MSL2,NMNAT3,BTD,HACL1,ANKRD28,LRRC34,EIF4A2,PPP1R2,PAK2,NCBP2,DYNC1LI1,SACM1L,QRICH1,CADPS,CCDC109B,CASP6,C4orf32,PLK4,RAB28,CLGN,ELMOD2,ABCE1,ANAPC10,RAPGEF2,GALNT7,SPATA4,RBPJ,ARAP2,AC097381.1,AFAP1,CDS1,ZNF608,DDX46,STK10,GPRIN1,TBCA,ELL2,FYN,MARCKS,HBS1L,SIRT5,TNFAIP3,HEBP2,ULBP2,EZR,HLA-B,C6orf106,MDGA1,GTPBP2,MAD2L1BP,ELOVL5,RAB23,ELOVL4,SLC35A1,RINT1,FSCN3,TNPO3,UBE2H,JHDM1D,PLEKHA8,TBL2,MIOS,GTPBP10,ANKIB1,KRIT1,ZNF34,MICU3,C8orf86,TGS1,TMEM68,TMEM64,PLEKHF2,XPA,C9orf156,ANKS6,INIP,ACO1,KDM4C,SLC25A53,G6PD,IKBKG,ZNF674
alpha	1	CDC14A,MYBPHL,RBM8A,PDZK1,SV2A,KAZN,SLC25A34,ZNF683,NR0B2,TP73,TTC39A,NRD1,LDLRAD1,C1orf168,ENO4,C1QL3,TMEM72,PRR26,LDB3,HOGA1,BACE1,TMEM218,C11orf45,TMEM45B,APBB1,SYVN1,PPP1CA,ANAPC15,TMEM126B,CCDC89,FZD4,AMOTL1,UBE3B,PXN,PDE3A,PARP11,SLC38A4,GALNT8,KCNA5,ATP5B,TAPBPL,PTPN6,PHC1,C12orf74,FGF14,SLC46A3,SUPT20H,SMIM2,ESD,PCDH17,DACH1,CDCA4,METTL17,SALL2,SLC7A8,DHRS2,REC8,CTAGE5,RP11-407N17.3,KLHDC2,ESR2,CEP128,GPR68,CHGA,BAIAP3,KIF22,MYLPF,TBC1D10B,PRR14,FBRS,CX3CL1,RPH3AL,DERL2,MIS12,KCNH6,DCAF7,NLGN2,TMEM256,TMEM256-PLSCR3,SMIM6,SLC38A10,CTC1,PFAS,TTR,SIGLEC15,LMAN1,TSHZ1,GALR1,CYP4F3,RAB8A,RAB3A,ZNF730,TOMM40,DACT3,PRMT1,MBOAT7,TSEN34,TMEM86B,FIZ1,ZNF524,AC004076.9,ZNF772,ZNF837,TIMM44,ZNF846,KCNJ3,LY75,LY75-CD302,GCG,G6PC2,SPC25,ZNF385B,NEUROD1,CCDC150,MOB4,SPAG16,FEV,HDLBP,SEPT2,FAM179A,EHD3,CMPK2,RSAD2,ADD2,AUP1,HTRA2,DNAH6,CD8A,KRCC1,ARID5A,RALY,HNF4A,ZSWIM1,C20orf196,PAK7,DNAJC28,TSPEAR,TMEM45A,TFG,KY,EPHB1,CHST2,P2RY14,DNAJC19,RPL15,FAM19A4,GRM7,ST3GAL6,MTTP,TRMT10A,MANBA,ENPEP,ANK2,DCHS2,FAM218A,SORBS2,CCDC149,ERVMER34-1,KIT,BTC,SH3TC1,NUDT12,SLC6A19,KLHL3,CD14,DCTN4,FAM159B,BHMT2,DMGDH,ARRDC3,MCTP1,SCML4,DDO,HIST1H2BD,SERPINB1,KCNK16,EYS,B3GAT2,SLC17A5,SNX14,LAMB4,UNCX,PRR15,GCK,DDC,CCT6A,PSPH,ZNF107,ERV3-1,SLC30A8,SLC7A2,CSMD1,GINS4,SPIDR,CEBPD,SNTG1,TTPA,ADHFE1,TRIQK,FAM92A1,ESRP1,KIF12,CDK5RAP2,LURAP1L,PRSS3,RORB,IDNK,SLC25A43,GYG2,MAGED1,GPR173,CXorf65,SLC16A2,SRPX2
alpha	2	UBE4B,KIF1B,PGD,RBM15,SRM,LRIF1,FAM212B,KCND3,CAPZA1,ST7L,UBIAD1,HIPK1,B3GALT6,SDF4,CLCN6,MTHFR,MIIP,DVL1,VWA1,PRDM2,ATAD3A,C1orf51,ARNT,AL645728.1,SSU72,FAM63A,PRUNE,PIP5K1A,CRTC2,CREB3L4,SLC39A1,C1orf43,UBAP2L,IL6R,PMVK,MIB2,KRTCAP2,TRIM46,GBA,FDPS,LMNA,DNAJC16,SLC35E2B,UAP1,CREG1,NADK,PRRC2C,ZBTB37,RFWD2,QSOX1,COLGALT2,TMEM52,KLHDC7A,ALDH4A1,RGS2,TROVE2,UCHL5,PRKCZ,MINOS1,MINOS1-NBL1,IPO9,RNPEP,RABIF,DSTYK,NUAK2,ELK4,SLC41A1,DYRK3,SYT14,SLC30A1,DTL,INTS7,ATF3,KCTD3,MARC1,DEGS1,CDC42BPA,ZNF678,RNF187,NUP133,C1orf198,C1orf131,GNPAT,KCNK1,GNG4,GPR137B,ASAP3,GALE,FH,PGBD2,CLIC4,LDLRAP1,UBXN11,FAM46B,STX12,SESN2,KHDRBS1,ZBTB8A,KIAA1522,S100PBP,YARS,ZNF362,DLGAP3,AGO1,AGO3,STK40,UTP11L,RRAGC,BMP8B,NFYC,CTPS1,SCMH1,FOXO6,EDN2,FOXJ3,CDC20,ST3GAL3,IPO13,PLK3,MAST2,NSUN4,SPATA6,KTI12,HSPB11,LRRC42,DHCR24,NFIA,USP1,ROR1,RAVER2,KLHL21,CAMTA1,SRSF11,GLMN,RPAP2,RPL5,SPSB1,BCAR3,FAM178A,KCNIP2,C10orf76,HPS6,NOLC1,FBXL15,C10orf95,INA,PDCD11,USMG5,CASP7,DCLRE1A,NHLRC2,FAM53B,DHX32,FANK1,CACNB2,WAC,ZEB1,PHYHIPL,RHOBTB1,VPS26A,PPA1,LRRC20,DNAJB12,SEC24C,ZSWIM8,RPS24,BMPR1A,MINPP1,IFIT1,IFIT5,PANK1,KIF20B,IDE,PLCE1,TM9SF3,LCOR,AVPI1,MARVELD1,CTR9,EIF4G2,C11orf87,ZC3H12C,NCAM1,CADM1,CEP164,KMT2A,RP11-770J1.4,DDX6,USP2,AP000708.1,FEZ1,TEAD1,TOLLIP,GLB1L3,RRAS2,CYP2R1,PLEKHA7,KCNC1,SAAL1,GTF2H1,HPS5,TSG101,PSMD13,SIRT3,PHLDA2,NAP1L4,HIPK3,C11orf91,CD59,CRY2,ARHGAP1,ZNF408,MADD,PSMC3,HRAS,FADS3,TUT1,C11orf48,METTL12,RP11-831H9.11,STX5,WDR74,RTN3,NAA40,SF1,ARL2,SAC3D1,VPS51,ZNHIT2,CDC42EP2,SSSCA1,FIBP,CCDC85B,BANF1,EIF1AD,SF3B2,KLC2,B3GNT1,RP11-867G23.8,PELI3,C11orf80,SUV420H1,LRTOMT,NUMA1,PDE2A,ARAP1,STARD10,COA4,PAAF1,TPBGL,GAB2,SLC25A22,PNPLA2,POLR2L,TSPAN4,RPL27A,SMCO4,IPO7,DRAM1,GABARAPL1,SSH1,ALDH2,MAPKAPK5,TRAFD1,PLBD2,SLC8B1,MED13L,C12orf49,RNFT2,RHOF,PSMD9,B3GNT4,DIABLO,VPS33A,CLIP1,ZCCHC8,DENR,SBNO1,RILPL1,DDX55,LOH12CR1,LOH12CR2,BRI3BP,SLC15A4,EP400,FBRSL1,PGAM5,CTD-2140B24.4,ZNF10,ZNF268,ZNF891,CACNA1C,FGD4,RPAP3,HDAC7,LMBR1L,TUBA1C,PRPF40B,ASIC1,ZC3H10,STAT6,LEMD3,GAPDH,RAP1B,CNOT2,MGAT4C,CCDC41,SNRPF,CDK17,TMPO,TEX30,IRS2,SLC7A1,SPG20,SPG20OS,RNF219,EML1,APOPT1,BAG5,RP11-73M18.2,ZBTB42,NUDT14,PNP,SCFD1,DTD2,RP11-176H8.1,MGAT2,RPL36AL,ATL1,MAP4K5,SAV1,GCH1,MAPK1IP1L,SLC35F4,ACTR10,HSPA2,PIGH,KIAA0247,TTC9,NUMB,DNAL1,ELMSAN1,PTGR2,ZNF410,COQ6,FAM161B,ALDH6A1,LIN52,ABCD4,VRTN,DLST,PGF,C14orf1,TTLL5,NRXN3,BTBD7,UNC79,ADAMTS17,SNRPA1,NIPA1,FAM189A1,TJP1,SLC12A6,LPCAT4,DISP2,C15orf57,VPS18,RTF1,EHD4,STARD9,TMEM62,PDIA3,FRMD5,CASC4,CTDSPL2,EIF3J,SHF,GATM,SPATA5L1,FBN1,LEO1,MYO5A,ARPP19,FAM214A,FAM63B,RPS27L,FAM96A,SNX1,PDCD7,DENND4A,RAB11A,C15orf61,FEM1B,PKM,CELF6,NEO1,CD276,RPP25,C15orf39,PTPN9,DNAJA4,MORF4L1,ZFAND6,ARNT2,RP11-210M15.2,BTBD1,SH3GL3,WDR73,PDE8A,AKAP13,IQGAP1,CRTC3,MAN2A2,NR2F2,DEXI,TXNDC11,CACNA1H,NTAN1,KIAA0430,NDE1,MAPK8IP3,RPS15A,ARL6IP1,RP11-1035H13.3,RPS2,GFER,NOXO1,DCUN1D3,ERI2,LYRM1,TRAF7,POLR3E,E4F1,ABCA3,RBBP6,CCNF,TBC1D24,CEMP1,LUC7L,ITFG3,ASPHD1,SEZ6L2,ALDOA,DCTPP1,ZNF785,SRCAP,BCL7C,ZNF646,ZNF668,KAT8,ZNF263,TRAP1,AXIN1,DECR2,C16orf87,RAB11FIP3,ANKS3,C16orf71,SIAH1,CBLN1,HEATR3,PAPD5,TOX3,AKTIP,AMFR,MT1X,GPR56,CMTM3,CES2,FAM96B,CBFB,B3GNT9,HSF4,KIAA0895L,ATP6V0D1,GFOD2,PSMB10,PRMT7,SLC7A6OS,ZFP90,CHTF8,CIRH1A,SNTB2,VPS4A,PDF,EXOSC6,VAC14,ZNF19,STUB1,JMJD8,WDR59,TMEM231,WWOX,CENPN,CMC2,GAN,OSGIN1,MBTPS1,TLDC1,COX4I1,EMC8,C16orf95,FBXO31,MAP1LC3B,SLC7A5,SNAI3,APRT,CDH15,ANKRD11,RPL13,CDK10,RP11-368I7.4,ADPRM,SCO1,DNAH9,INPP5K,RILP,PRPF8,TTC19,ZSWIM7,NCOR1,FLCN,COPS3,LRRC48,TOM1L2,ALKBH5,FLII,MIEF2,SMCR8,TOP3A,B9D1,MAPK7,ALDH3A2,KSR1,MYO18A,ABHD15,TP53I13,BLMH,CPD,RNF135,LRRC37B,AC090616.2,RHOT1,C17orf75,ZNF207,PSMD11,DOC2B,MYO1D,CCT6B,LIG3,GGNBP2,EMC6,TAX1BP3,DUSP14,SOCS7,C17orf96,PSMB3,PIP4K2B,LASP1,C17orf85,CDK12,WIPF2,CDC6,CYB5D2,ZZEF1,NAGLU,FAM134C,TUBG1,TUBG2,NBR1,TMUB2,SLC25A39,DCAKD,NMT1,HEXIM1,CBX1,MED11,ATP5G1,PHB,SLC35B1,KAT7,RNF167,SLC25A11,ANKRD40,SPAG9,ZNF232,C17orf67,DGKE,AKAP1,MSI2,GDPD1,RPS6KB1,TUBD1,HEATR6,C17orf64,USP32,C17orf82,TLK2,MAP3K3,GNA13,PRKCA,PITPNC1,KIAA0753,TXNDC17,C17orf100,MED31,C17orf58,AMZ2,ABCA5,AC040977.1,C17orf49,BCL6B,CTDNEP1,ELP5,EIF5A,ACAP1,KCTD11,CDR2L,HN1,SLC25A19,GRB2,CASKIN2,TSEN54,H3F3B,WBP2,UBALD2,EIF4A1,FXR2,SHBG,ENGASE,RNF213,ENDOV,AZI1,ACTG1,SLC25A10,P4HB,SIRT7,DCXR,FASN,HEXDC,OGFOD3,PER1,WDR45B,FN3K,USP43,AP005482.1,PSMG2,SPIRE1,FAM210A,RNMT,RNF138,SETBP1,ANKRD12,TMEM259,RAVER1,ILF3,CARM1,ZNF491,ZNF440,HOOK2,CALR,DCAF15,SAMD1,ASF1B,DDX39A,TPM4,CTC-429P9.4,SMIM7,COLGALT1,ADAT3,SCAMP4,IZUMO4,MOB3A,GNG7,THOP1,ZNF77,LRP3,LSM14A,MFSD12,SDHAF1,ZNF146,ZNF565,ZNF260,ZNF382,ZNF529,ZNF540,ZNF571,ECH1,GMFG,SAMD4B,AKT2,SERTAD1,SERTAD3,C19orf54,SNRPA,ATP1A3,AC006486.9,ERF,CIC,ZNF575,PVR,ZNF296,BLOC1S3,TRAPPC6A,GIPR,QPCTL,SNRPD2,IRF2BP1,AC011551.3,CALM3,PPP5D1,DPP9,BBC3,CCDC9,GLTSCR1,C19orf68,LIG1,SYNGR4,TMEM143,CYTH2,C19orf73,PPFIA3,KDM4B,RRAS,AP2A1,PNKP,AKT1S1,TBC1D17,VRK3,ZNF473,KCNC3,NR1H2,POLD1,ZNF614,ZNF701,ZNF813,LENG8,U2AF2,ZSCAN5A,BSG,ZNF460,AC003002.6,ZNF548,CTD-2583A14.10,ZNF587B,ZNF256,ZNF329,ZNF497,ZNF584,ZNF324,TRIM28,UBE2M,RFX2,FGF22,PTBP1,SNAPC2,HNRNPM,ARID3A,ZNF177,ZNF559,PIN1,GRHL1,RPL31,KLF11,UXS1,SLC20A1,ROCK2,CCDC93,MZT2A,WDSUB1,SSB,GAD1,DCAF17,METTL8,HAT1,AC018867.1,NABP1,HECW2,BZW1,NIF3L1,PPIL3,FAM126B,NDUFB3,NBEAL1,NRP2,FASTKD2,MDH1B,RQCD1,USP37,TTLL4,NHEJ1,PTPRN,DES,EPHA4,AP1S3,PSMD1,ARL4C,KLHL29,TRAF3IP1,ASB1,PASK,PPP1R7,FARP2,ATG4B,THAP4,DTYMK,CENPO,PTRHD1,DTNB,RAB10,ACP1,SH3YL1,AGBL5,OST4,GTF3C2,NRBP1,FOSL2,SPDYA,STRN,CDC42EP3,ATL2,ZFP36L2,SRBD1,EPAS1,EPCAM,KCNK12,MSH6,SPTBN1,RTN4,CCT4,B3GNT2,TMEM18,EGR4,RNF181,KDM3A,IAH1,COX5B,COA5,UNC50,TAF1B,MACROD2,SEL1L2,XRN2,GZF1,PYGB,PTPRA,LZTS3,SNTA1,ACTL10,NECAB3,E2F1,PIGU,C20orf194,SAMHD1,ACTR5,TOP1,TOMM34,DBNDD2,DNTTIP1,WFDC3,NCOA5,PRNP,UBE2V1,PARD6B,TMEM230,CDS2,PCNA,GPCPD1,CHGB,PSMA7,SS18L1,ADRM1,DIDO1,GID8,EEF1A2,DNAJC5,SRXN1,PLCB1,USP25,C21orf119,URB1,PIGP,TTC3,WRB,AC006946.15,CECR6,MICAL3,DGCR2,DGCR14,C22orf29,GNB1L,DGCR8,RANBP1,TRMT2A,KLHL22,MED15,CRKL,SDF2L1,MAPK1,CABIN1,ADORA2A,GUCD1,SNRPD3,KIAA1671,ZNRF3,EWSR1,RHBDD3,NF2,TBC1D10A,DUSP18,LARGE,TOM1,MAFF,MKL1,RBX1,DESI1,XRCC6,NDUFA6,POLDIP3,CDPF1,GRAMD4,SELO,SCO2,EMC3,ALCAM,BOC,ATP6V1A,NAA50,NDUFB4,HSPBAP1,ZNF148,MKRN2,CHCHD6,TPRA1,EEFSEC,RAB7A,ISY1,ISY1-RAB43,NUP210,DBR1,XRN1,RNF13,TSC22D2,BTD,HACL1,DPH3,OXNAD1,GOLIM4,PHC3,SLC7A14,EIF5A2,FNDC3B,DCUN1D1,MAP6D1,EIF2B5,AP2M1,ABCF3,PSMD2,LPP,OPA1,ATP13A3,XXYLT1,BDH1,IQCG,LMLN,CNTN4,STT3B,DYNC1LI1,GLB1,TMPPE,LRRFIP2,ELP6,PFKFB4,NCKIPSD,PRKAR2A,ARIH2,ARIH2OS,USP4,BSN,HYAL3,NAT6,DOCK3,PARP3,RRP9,BAP1,PHF7,TMEM110,TMEM110-MUSTN1,FAM208A,ARHGEF3,PDE12,ARF4,FLNB,KCTD6,CADPS,PROK2,FILIP1L,PPA2,MAEA,LARP1B,FAM160A1,LCORL,NELFA,PPARGC1A,GRK4,NOP14,UBE2K,COMMD8,MRFAP1,TBC1D14,COX18,AC097381.1,AFAP1,LIN54,CDS1,WDFY3,ABCG2,PPM1K,DGKQ,TRIM36,DDX46,KDM3B,CTNNA1,PAIP2,SPRY4,PRELID2,FAM105B,HMGXB3,TIGD6,FBXW11,ATP6V0E1,BOD1,CPLX2,ZNF346,PRR7,B4GALT7,ZNF354B,HNRNPH1,MAML1,MTMR12,RAI14,TTC33,ITGA1,PELO,MIER3,GPBP1,BEND3,SMIM13,REV3L,NOL7,PERP,CCDC28A,AIG1,PLAGL1,TAB2,RGS17,SCAF8,NHLRC1,ID4,GMNN,HIST1H2AM,HIST1H2BO,TRIM26,DDR1,GTF2H4,LSM2,NEU1,GPSM3,BRD2,LEMD2,C6orf1,ZNF76,MAPK14,KCTD20,PXT1,CDKN1A,PRPF4B,CCND3,TAF8,DNPH1,MRPL14,TMEM63B,SLC29A1,NFKBIE,PTCHD4,ICK,DSP,SNAP91,UBE2J1,RRAGD,POP7,UFSP1,PLOD3,ZNHIT1,CUX1,PRKRIP1,PMPCB,CAPZA2,ZFAND2A,WASL,METTL2B,KLHDC10,KIAA1549,C7orf55,LUC7L2,ADCK2,DENND2A,CUL1,ZNF783,ZNF777,ZNF862,RHEB,GALNT11,INTS1,C7orf13,RNF32,UBE3C,TWISTNB,CDK13,UBE2D4,URGCP,WIPI2,USP42,TBL2,DNAJC30,WBSCR22,POR,MDH2,STYXL1,PTPN12,GET4,RIMS2,MTSS1,PYCRL,PUF60,NRBP2,CYC1,BOP1,HSF1,VPS28,CYHR1,KIFC2,RPL8,ZNF250,PCM1,INTS10,NUDT18,CCAR2,ENTPD4,TDRP,TGS1,TMEM68,RAB2A,YTHDF3,COPS5,CSPP1,INTS8,MTERFD1,PTDSS1,XPA,ANP32B,TBC1D2,EPB41L4B,HSDL2,SLC31A2,CNTRL,MRRF,RBM18,ARPC5L,RPL35,GOLGA1,HSPA5,RALGPS1,PTRH1,TTC16,ST6GALNAC4,NAIF1,SLC25A25,SH3GLB2,NTMT1,FNBP1,RALGDS,MED22,RPL7A,CACFD1,WDR5,QSOX2,C9orf163,AGPAT2,RP11-216L13.17,TMEM141,PHPT1,C9orf142,SAPCD2,AL807752.1,MAN1B1,MRPL41,CAAP1,RP11-195F19.5,DNAJB5,UNC13B,FAM166B,RECK,GNE,SHB,RCL1,KIAA1432,APBA1,VPS13A,DAPK1,PTCH1,ZNF367,ZNF510,MID2,TXLNG,REPS2,SCML1,PHKA2,CHST7,UBA1,HDHD1,DDX3Y
alpha	3	WDR47,ACAP3,PUSL1,CHD1L,POGZ,TDRKH,ISG20L2,RRNAD1,CASP9,POU2F1,CACYBP,RALGPS2,GLUL,DHX9,C1orf27,TPR,IFFO2,GLRX2,CAMK2N1,LPGAT1,PROX1,USP48,H3F3A,ADCK3,MRPL55,ABCB10,GALNT2,ARV1,TTC13,MORN1,RER1,IRF2BP2,HNRNPR,C1orf213,ZNF436,RGS7,CNR2,PNRC2,CEP170,SDCCAG8,AKT3,PANK4,FAM213B,CEP85,ARID1A,SRSF4,C1orf122,YRDC,CDKN2C,CC2D1B,ZCCHC11,ECHDC2,NDC1,INADL,PHF13,LMO4,ABCD3,CNNM1,SLC25A28,SCD,ACTR1A,TRIM8,CNNM2,IDI1,WDR37,XPNPEP1,PLEKHA1,EPC1,SGMS1,DDX21,TYSND1,MCU,USP54,VCL,AP3M1,ADK,COMTD1,TSPAN14,CPEB3,MARCH5,FRA10AC1,TBC1D12,MMS19,UBTD1,PPP2R1B,C11orf1,FDXACB1,SIK3,PCSK7,RNF214,CBL,PVRL1,HSPA8,SCN3B,ETS1,PRDM10,APLP2,ZBTB44,ARNTL,NCAPD3,VPS26B,PDE3B,PSMA1,BET1L,RIC8A,FBXO3,PTPRJ,ZDHHC5,STX3,DAK,DDB1,CYB561A3,TMEM138,CPSF7,RP11-286N22.8,SDHAF2,LRRC10B,FADS1,FADS2,ATL3,STIP1,ESRRA,SMPD1,EHD1,LTBP3,PCNXL3,YIF1A,LRFN4,KDM2A,CDK2AP2,PPP6R3,PPFIA1,LAMTOR1,LIPT2,POLD3,MOGAT2,AQP11,FICD,FAM222A,SH2B3,ERP29,TMEM116,C12orf52,DDX54,PEBP1,DYNLL1,P2RX4,ANAPC5,RNF34,MLXIP,KNTC1,RSRC2,ABCB9,OGFOD2,CDK2AP1,CCDC92,FAM101A,ZNF664,STX2,RAN,DENND5B,PPHLN1,YAF2,TUBA1B,TMBIM6,EIF4B,SMARCC2,RNF41,B4GALNT3,PTGES3,LRIG3,PPM1H,CHD4,MDM2,WNK1,SOCS2,FGD6,VEZT,LTA4H,LIG4,ARHGEF7,CUL4A,PCID2,NBEA,FOXO1,TRIM13,UBAC2,CDC42BPB,EIF5,MARK3,KLC1,PPP1R13B,APEX1,OSGEP,AL163636.6,ANG,RNASE4,SUPT16H,HEATR5A,EGLN3,DNAAF2,DAAM1,SGPP1,ZBTB1,ZBTB25,ACTN1,SRSF5,SLC8A3,EML5,SMEK1,DDX24,IFI27L1,DICER1,PAPOLA,KLF13,KATNBL1,BAHD1,CHP1,EXD1,MAPKBP1,ADAM10,SLTM,VPS13C,USP3,PARP16,ARIH1,FAM103A1,NUBP2,SPSB3,SH2B1,TUFM,FLYWCH2,PAGR1,GLYR1,UBN1,CHD9,RAB40C,CMTM4,NFATC3,C16orf13,AP1G1,ZFHX3,CFDP1,MAF,VPS9D1,ZNF276,PITPNA,WDR81,MNT,NEK8,TLCD1,TAF15,SYNRG,RPL27,UBTF,ARRB2,SNX11,FAM117A,CEP95,DDX5,LLGL2,POLR2A,ZBTB4,JMJD6,METTL23,NDEL1,PTPN2,USP14,ESCO1,ACAA2,ATP9B,GPX4,C19orf24,RFX1,TECR,PCSK4,REEP6,JUND,GATAD2A,POLR2I,TBCB,HNRNPL,DAPK3,PLEKHG2,ZBTB7A,EGLN2,ERCC1,LENG9,AC020922.1,SUV420H2,AC024592.12,FUT5,NDUFA11,VMAC,CNOT11,RNF149,LIMS1,BCL2L11,EPC2,CCDC173,KLHL23,PHOSPHO2,GORASP2,CHN1,SESTD1,NAB1,ORC2,CYP20A1,CTDSP1,DNAJB2,CHPF,TMEM198,ACSL3,FBXO36,TRIP12,NCL,EIF4E2,TIGD1,GIGYF2,AGAP1,PER2,CAPN10,KIF1A,EFR3B,DNMT3A,ASXL2,TMEM214,IFT172,PPP1CB,SPAST,CALM2,USP34,VPS54,SERTAD2,CEP68,NAGK,MTHFD2,MAT2A,STARD7,CNNM3,ANKRD39,ACTR1B,C2ORF15,TSGA10,SNAP25,RAD21L1,TASP1,SIRPA,C20orf26,CRNKL1,STK35,APMAP,SOX12,PLAGL2,POFUT1,SPAG4,SCAND1,C20orf24,MROH8,RPN2,RBCK1,PLCG1,ELMO2,CSE1L,TMEM189,TMEM189-UBE2V1,LSM14B,TMX4,ZBTB21,NDUFV3,C21orf58,PCNT,HIRA,MRPL40,CDC45,UFD1L,ARVCF,MIF,ANKRD54,SUN2,ATF4,TEF,CD47,SPICE1,TMCC1,IQSEC1,NCK1,MBNL1,RSRC1,NLGN1,KLHL24,DVL3,EPHB3,TNK2,UBXN7,OSBPL10,ZNF860,ACVR2B,CCDC12,MAP4,NME6,RHOA,TCTA,DAG1,APEH,IP6K1,BHLHE40,VPRBP,GLT8D1,SPCS1,TKT,APPL1,RYBP,CRELD1,CXXC4,SGMS2,CCRN4L,CPEB2,ARFIP1,TIGD4,KIAA1430,SNX25,ANKRD37,LRP2BP,WHSC1,UGDH,N4BP2,ATP10D,CLOCK,KIAA0232,RUFY3,G3BP2,USO1,SEC31A,THAP9,COQ2,AGPAT9,AFF1,DMXL1,SAR1B,SEC24A,CAMLG,EGR1,PURA,CYSTM1,TRIO,NDFIP1,NR3C1,NDST1,DUSP1,STC2,CLTB,RNF44,UIMC1,GRK6,NHP2,GOLPH3,NIPBL,OCLN,ELL2,CDC40,WASF1,NEDD9,MCM9,MAP7,RANBP9,GINM1,LRP11,PPP1R14C,ZBTB2,JARID2,ARID1B,C6orf62,HMGN4,VARS2,HLA-C,PRRC2A,HLA-DMA,RGL2,CUTA,GRM4,NUDT3,UHRF1BP1,PIM1,ZFAND3,TFEB,FRS3,TOMM6,RPL7L1,C6orf226,KLC4,MRPL2,ABCC10,RREB1,DOPEY1,FIS1,ARMC10,FBXL13,ARF5,NRF1,JHDM1D,BRAF,KRBA1,REPIN1,ABCB8,INSIG1,LMBR1,EIF3B,SNX8,MPP6,GNA12,C7orf41,ZNRF2,SDK1,TMED4,COBL,RAC1,RABGEF1,RFC2,GTF2I,HIP1,RSBN1L,NPTX2,BUD31,PDAP1,TRIM4,RNF19A,ZNF706,AZIN1,KB-1507C5.2,TMEM65,FAM49B,TRAPPC9,SLC45A4,THEM6,ZNF34,ASAH1,PSD3,C8orf58,FZD3,TMEM66,GTF2E2,GSR,LETM2,SDCBP,CHD7,KCNB2,HEY1,ZBTB10,MFHAS1,RNF20,RAD23B,FAM206A,IKBKAP,PTBP3,SNX30,ALAD,PBX3,CDK9,FAM102A,CRAT,PPP2R4,TOR1B,NUP214,SURF1,SURF2,BRD3,TPRN,VLDLR,NFX1,VCP,RFX3,RUSC2,CCDC107,CREB3,TLN1,HINT2,TMEM8B,RNF38,FAM122A,NFIL3,FAM120A,FAM120AOS,ERCC6L2,HTATSF1,EMD,USP9X,SLC9A7,USP11,PLP2
alpha	4	VAV3,GSTM2,VANGL1,RGS4,F5,GORAB,CENPL,DARS2,ARHGEF10L,KIAA1614,APOBEC4,KCNT2,C8B,C1orf141,LRRC7,C1orf173,CCDC18,TMED5,PYROXD2,HABP2,AFAP1L2,GFRA1,PTPRE,CYP2E1,ACBD7,FAM188A,ST8SIA6,MKX,ARMC4,ZNF485,GPRIN2,PCDH15,FAM13C,ANK3,TRPC6,CASP4,GUCY1A2,IFITM10,ANO5,BDNF,EHF,RARRES3,MTNR1B,VSTM5,PAH,OAS3,NRIP2,TMTC1,SYT10,PRMT8,GALNT6,PPP1R1A,AVPR1A,WIF1,HMGA2,RP11-366L20.2,TPH2,TRHDE,BBS10,ACSS3,LIN7A,PPFIA2,FAM90A1,KITLG,F7,LSP1,TRPC4,UFM1,FREM2,NHLRC3,PROSER1,MTRF1,KCNRG,NEK3,LMO7,SLAIN1,SLITRK1,RP11-187E13.2,AKAP6,CLEC14A,HS3ST6,NDUFAB1,AMDHD2,KRTAP3-2,AQP4,CCDC68,FFAR2,RPS16,SUPT5H,ZNF765,TMC4,FBLN7,LYPD1,THSD7B,NXPH2,LRP1B,RBM43,PLA2R1,CCDC141,ITGA4,FRZB,ZSWIM2,APOB,SPHKAP,SLC16A14,SP110,SP140L,MYT1L,DYSF,LRRTM1,ISM1,NCAM2,ADAMTS5,DGCR6,GRAP2,GTSE1,TAGLN3,LSAMP,ILDR1,MRPS22,RBP1,P2RY1,VEPH1,TNFSF10,PEX5L,TTC14,LEPREL1,GADL1,TRANK1,LRRN1,ENTPD3,HTR1F,SRGAP3,ADH5,DDIT4L,BANK1,ARHGEF38,ETNPPL,TRAM1L1,TRPC3,INPP4B,FREM3,NPY2R,TMEM144,MARCH1,FAM184B,KLKB1,F11,CCKAR,PCDH7,SHISA3,SGCB,HOPX,SPINK2,CENPC,PRKG2,SLCO4C1,AQPEP,LOX,ADAMTS19,TGFBI,FBXL7,ADAM19,GABRG2,HRH2,NPR3,C1QTNF3,GHR,FGF10,EMB,HAPLN1,SLC22A16,FAM162B,RFX6,ECHDC1,MOXD1,EYA4,PDE7B,CCDC170,C6orf118,HIST1H1C,HIST1H1E,HIST1H2BE,PGBD1,UNC5CL,GPR115,MLIP,F13A1,RIMS1,KHDC1,TMEM30A,AL359693.1,TPBG,PRSS35,HTR1E,TRIM56,CDHR3,SLC26A4,KCND2,PTPRZ1,DGKI,RAB19,EPHB6,CNTNAP2,ISPD,MACC1,TOMM7,NPY,PGAM2,IGFBP1,EGFR,NUPR1L,ZNF273,SEMA3D,ZNF804B,STEAP2,SAMD9,BAALC,C8orf56,TNFRSF11B,COL14A1,C8orf31,SGCZ,ADAM32,FAM150A,NKAIN3,BHLHE22,CYP7B1,CALB1,NECAB1,AKNA,ASB6,TOPORS,ANKRD18B,FAM189A2,TRPM6,TRMT2B,TMLHE,APEX2,PABPC5
alpha	5	HIAT1,GSTM3,SLC6A17,TARDBP,EXOSC10,DDX20,PPM1J,SIKE1,MAD2L2,AGTRAP,CPSF3L,GLTPD1,MRPL20,ATAD3B,LIX1L,NBPF12,PSMD4,RFX5,ILF2,JTB,PYGO2,SLC50A1,FAM189B,CLK2,SSR2,CRABP2,DDI2,PLEKHM2,PEA15,NIT1,PFDN2,USP21,HSPA6,SPEN,CDK11A,DCAF6,MPC2,BRINP2,RCC2,IER5,LAMC1,CAMSAP2,TMEM9,SLC45A3,CR1L,MUL1,PLXNA2,DIEXF,KIF17,KCNH1,BATF3,CENPF,NBPF3,MARK1,SUSD4,CDC42,LBR,LIN9,JMJD4,TRIM17,HIST3H2A,HIST3H2BB,RAB4A,COG2,MLK4,SLC35F3,COA6,LGALS8,AHCTF1,TMEM50A,TRNP1,GPR3,YTHDF2,KPNA6,ADC,SMIM12,ZMYM1,KIAA0319L,NCDN,LSM10,MANEAL,YBX1,SLC2A1,EBNA1BP2,WDR65,B4GALT2,RPS8,EIF2B3,ELAVL4,RAB3B,CPT2,MAGOH,LRP8,PRKAA2,KCNAB2,NPHP4,CHD5,GPR153,ALG6,ESPN,VAMP3,PLEKHN1,GPR157,F3,CLSTN1,CUEDC2,PCGF6,PTPLA,SLC25A16,DLG5,ATAD1,HTR7,ANKRD1,MYOF,PDE6C,EXOSC1,ZDHHC16,YAP1,BIRC3,MMP10,KDELC2,CRYAB,HSPB2,C11orf57,PIH1D2,FXYD2,MPZL3,VPS11,H2AFX,C2CD2L,TRIM29,TBCEL,CTSD,DCDC1,DNAJC24,WT1,COMMD9,PACSIN3,MTCH2,LRRC56,YPEL4,FEN1,TMEM258,BATF2,DPF2,FRMD8,SCYL1,FAM89B,SART1,NPAS4,PITPNM1,ORAOV1,PGM2L1,RNF169,AAMDC,RSF1,CD151,AP2A2,EID3,ISCU,GIT2,ANAPC7,PTPN11,RPL6,TBX3,FBXW8,RFC5,GCN1L1,AL021546.6,COX6A1,RNF10,BCL2L14,CCDC62,TMED2,TCTN2,GPRC5A,KIAA1467,EP400NL,ZNF84,IQSEC3,DDX11,DDN,RHEBL1,SCN8A,ACVR1B,KRT80,ESPL1,DGKA,WIBG,CDK2,IKZF4,ERBB3,SPRYD4,BAZ2A,SHMT2,NDUFA4L2,XPOT,PTPRR,C12orf79,NUDT4,MRPL42,NDUFA12,RP11-181C3.1,ITGBL1,DCLK1,MLNR,EBPL,GPR183,MOK,TDRD9,BAZ1A,FOXA1,TTC6,TRAPPC6B,C14orf166,RAD51B,ACOT2,ACYP1,ZC2HC1C,FLVCR2,GPATCH2L,TM2D3,CYFIP1,OCA2,NDNL2,FAN1,GPR176,BMF,C15orf56,RPUSD2,RAD51,CHAC1,ITPKA,ADAL,LCMT2,HYPK,SERINC4,B2M,SEMA6D,COPS2,AP4E1,MAPK6,NEDD4,POLR2M,DAPK2,OAZ2,AAGAB,IQCH,PIAS1,KIF23,TLE3,SEMA7A,COX5A,COMMD4,UBE2Q2,C15orf27,NRG4,TSPAN3,C15orf40,HDGFRP3,NMB,ZNF592,CIB1,GDPGP1,POLR3K,SNRNP25,UNKL,C16orf91,PDXDC1,CLCN7,CRAMP1L,IFT140,EME2,MRPS34,SMG1,IQCK,KNOP1,NPW,ZNF598,METTL9,CDR2,HS3ST2,ECI1,RNPS1,COG7,GGA2,TNRC6A,C16orf59,SRRM2,TCEB2,CLN3,CCDC101,SPNS1,FLYWCH1,KCTD13,HIRIP3,INO80E,PAQR4,ZNF48,ZNF771,SEPHS2,ZNF747,AC002310.13,ZNF764,ZNF688,TNFRSF12A,STX4,RP11-196G11.1,VKORC1,ZNF267,NAA60,SLX4,ADCY9,TFAP4,DNAJA3,UBALD1,ORC6,VPS35,NETO2,NUDT16L1,ITFG1,PHKB,ZNF500,N4BP1,ALG1,NAGPA,RBL2,CAPN15,CSNK2A2,CCDC113,GOT2,TK2,C16orf70,E2F4,FHOD1,SLC9A5,FAM65A,C16orf86,ENKD1,THAP11,CENPT,NUTF2,EDC4,PSKH1,DDX28,DUS2,TANGO6,COG8,NIP7,TMED6,NOB1,PDPR,FUK,COG4,SF3B3,WDR24,RP11-77K12.1,TMEM170A,METRN,CCDC78,DNAAF1,HSDL1,KIAA0513,ZC3H18,CTU2,RNF166,PMM2,TMEM186,SLC22A31,ZNF778,CHMP1A,SPATA33,CENPBD1,ZNF18,YWHAE,CENPV,MPRIP,FAM83G,HIC1,ULK2,C17orf103,SMG6,SRR,METTL16,C17orf97,LYRM9,RP1-66C13.4,SPAG5,RPL23A,FLOT2,TAOK1,EFCAB5,SSH2,SLC6A4,SUZ12,ZNF830,RAD51D,RAD51L3-RFFL,TRPV3,ZNHIT3,MYO19,PIGW,CTNS,SHPK,TADA2A,DDX52,CTB-58E17.5,PCGF2,CWC25,RPL23,RPL19,PSMD3,MED24,MSL1,RARA,KLHL11,KCNH4,ATP6V0A1,COASY,MLX,EZH1,BECN1,PSME3,BRCA1,DHX8,ETV4,HDAC5,ATXN7L3,FAM171A2,ITGA2B,CCDC103,EFTUD2,FAM187A,SPNS2,EFCAB13,TBKBP1,LRRC46,MRPL10,SP6,CXCL16,ZMYND15,UBE2Z,SNF8,SPOP,C17orf107,SAMD14,PPP1R9B,EME1,MRPL27,LRRC59,ENO3,PFN1,RSAD1,ZFP3,RABEP1,MRPS23,VEZF1,SRSF1,SEPT4,TRIM37,APPBP2,RP11-15E18.4,VPS53,SMARCD2,TEX2,SMURF2,LRRC37A3,FAM57A,GEMIN4,GLOD4,RNMTL1,AC027763.2,RNASEK,SLC16A13,COG1,ACADVL,NEURL4,TMEM95,HID1,NUP85,GGA3,MRPS7,MIF4GD,TRIM65,SRP68,RNF157,PRPSAP1,SENP3,MXRA7,CD68,ATP1B2,WRAP53,LGALS3BP,C17orf70,NPLOC4,ARL16,HGS,ARHGDIA,PCYT2,ASPSCR1,CSNK1D,NARF,FOXK2,TBCD,METRNL,RPL26,CEP76,GALNT1,MAPK4,TCF4,ANGPTL6,EIF3G,CDC37,PDE4A,KEAP1,CCDC159,RAB3D,TMEM205,ZNF844,CTD-2192J16.24,WDR83,WDR83OS,FBXW9,TNPO2,JUNB,MAST1,MUM1,NDUFS7,DAZAP1,LPHN1,RPS15,DNAJB1,AP1M1,KLF2,EPS15L1,CHERP,SLC35E1,MED26,HAUS8,MYO9B,MRPL34,MAP1S,CCDC124,ARRDC2,SSBP4,ISYNA1,C19orf60,UPF1,COPE,DDX49,CSNK1G2,MAU2,SUGP1,DOT1L,PLEKHJ1,SF3A2,JSRP1,OAZ1,AC006538.4,SLC39A3,SGTA,TLE2,CEBPG,KIAA0355,PDCD2L,DOHH,ETV2,CACTIN,NFKBID,CAPNS1,ZNF566,PIP5K1C,ZNF567,ZNF781,ZNF607,EEF2,TIMM50,EID2B,EID2,FBL,BLVRB,SPTBN4,LTBP4,MAP2K2,AXL,ZNF526,TMEM145,CHAF1A,UBXN6,HDGFRP2,ZNF180,BCL3,CLPTM1,RELB,CLASRP,GEMIN7,MARK4,PPP1R37,C19orf10,GNG8,NPAS1,DHX34,PLA2G4C,KDELR1,PPP1R15A,FUZ,MED25,PTOV1,EMC10,FAM71E1,C19orf48,CDC34,ZNF83,ZNF28,ZNF468,ZNF845,RPS9,PTPRH,PPP6R1,ZNF628,ZNF865,ZNF784,CCDC106,ZNF580,ZNF581,ZNF550,ZNF417,ZNF274,ZSCAN22,MZF1,POLRMT,SH2D3A,MCOLN1,PNPLA6,AC010336.1,MAP2K7,NDUFA7,RPS28,MED16,ZNF699,WDR18,NOL10,ANAPC1,E2F6,TMEM185B,NBAS,KLHL41,MYO3B,TLK1,SLC25A12,KIAA1715,RAD51AP2,PPP1R1C,AOX1,FZD7,CNPPD1,FAM134A,MOGAT1,MYEOV2,ANO7,SLC35F6,CCDC121,GPN1,SLC4A1AP,SUPT7L,YPEL5,LCLAT1,THUMPD2,COX7A2L,CAMKMT,PREPL,MCFD2,TTC7A,FANCL,PELI1,NFU1,CCT7,ATOH8,FAHD2A,KANSL3,VWA3B,AC092675.3,MGAT4A,EIF5B,TXNDC9,SDCBP2,NSFL1C,SNRPB,ZCCHC3,CDK5RAP1,ITCH,NCOA6,CEP250,GDF5,CPNE1,RBM12,NFS1,ROMO1,ATRN,CTNNBL1,RPRD1B,TTI1,RALGAPB,SPEF1,MAVS,GDAP1L1,FITM2,TBC1D20,PLTP,DDX27,B4GALT5,CEBPB,PTPN1,BCAS4,RAE1,HRH3,C20orf195,RTEL1,ZBTB46,MYT1,BMP2,CXADR,C21orf88,BACE2,HSF2BP,RRP1B,C21orf33,ATP6V1E1,BCL2L13,ZDHHC8,THAP7,UBE2L3,YDJC,YPEL1,PPM1F,SMARCB1,DERL3,HPS4,SRRD,PITPNB,KREMEN1,THOC5,MTMR3,SLC35E4,OSBP2,AC005003.1,PATZ1,DRG1,EIF4ENIF1,PISD,C22orf24,YWHAH,FBXO7,HMGXB4,RASD2,FOXRED2,TRIOBP,MICALL1,TMEM184B,CBY1,FAM227A,CBX7,TOB2,RRP7A,PHF21B,NUP50,KIAA0930,TRMU,BRD1,ZBED4,PIM3,PANX2,LMF2,NCAPH2,SRPRB,TM4SF4,MFSD1,ARL14,ABCC5,VPS8,RTP4,GP5,CMC1,AZI2,ZCWPW2,TGFBR2,CTDSPL,ZNF197,DHX30,CDC25A,MST1,RNF123,TUSC2,RASSF1,C3orf18,MAPKAPK3,TEX264,ABHD6,SLC25A26,FGFRL1,COL25A1,BOD1L1,SLBP,FGFR3,PDLIM3,KCNIP4,MFSD10,RFC1,TMEM128,GABRA2,PIGG,AASDH,BLOC1S4,NUP54,FER,YTHDC2,SMAD5,PSD2,ARAP3,LARS,RBM22,HAND1,EBF1,RARS,MXD3,RMND5B,SQSTM1,NDUFS6,DEPDC1B,BRD9,TRIP13,SNX3,LACE1,DCBLD1,UTRN,RAET1G,ULBP1,RAET1L,RBM24,HIST1H2AK,HIST1H2BN,ZNF165,ZKSCAN3,CCHCR1,TCF19,ATP6V1G2,NFKBIL1,TUBB2A,ABHD16A,HSPA1A,HSPA1L,RING1,SNRPC,PPARD,FANCE,SAYSD1,USP49,GNMT,RRP36,MRPS18A,TMEM151B,CDC5L,CENPQ,MUT,ELOVL4,NDUFAF4,POU3F2,GNB2,VGF,NAT16,LSMEM1,TES,MET,LRRC4,TNPO3,CPA5,PTN,SLC37A3,ABCF2,PAXIP1,NOM1,BRAT1,CREB5,FKBP14,C7orf10,MPLKIP,INHBA,COA1,CYTH3,C7orf26,HEATR2,PRKAR1B,SHFM1,KPNA7,C7orf43,GPC2,STAG3,COX6C,MRPL13,MTBP,KHDRBS3,MAFA,ZC3H3,ZNF623,GPAA1,FBXL6,SLC52A2,MFSD3,ARHGAP39,ARHGEF10,CSGALNACT1,BIN3,TTI2,PPAPDC1B,C8orf86,C8orf34,RP11-664D7.4,RALYL,CLDN23,NCBP1,TSTD2,TMEM38B,KLF4,PTPN3,DNAJC25,DNAJC25-GNG10,DFNB31,LHX6,MVB12B,PIP5KL1,URM1,C9orf78,USP20,FUBP3,POMT1,RAPGEF1,DDX31,GTF3C4,SURF6,RXRA,C9orf69,DNLZ,RABL6,ABCA2,C9orf139,ENTPD2,C9orf37,EHMT1,NDUFB6,C9orf24,C9orf131,FLJ00273,GRHPR,FANCC,MORC4,NUP62CL,PIH1D3,ACSL4,UBE2A,NKRF,NKAP,PNCK,SLC6A8,L1CAM,GDI1,PLXNA3,SLC10A3,GPR64,ZNF674,PHF16,FTSJ1,TBC1D25,NUDT11,MAGEE2
alpha	6	APITD1,APITD1-CORT,PSMA5,RAP1A,CTTNBP2NL,ATP1A1,MFN2,TUFT1,DENND4B,ADAM15,CDK11B,ZBTB17,TIPRL,CAPZB,OTUD3,KDM5B,TMEM183A,MAPKAPK2,CD55,SH2D5,HP1BP3,NSL1,TATDN3,ECE1,ENAH,TAF5L,URB2,TARBP1,TOMM20,B3GALNT2,SMYD3,C1orf63,RHCE,TMEM57,PDIK1L,ZDHHC18,GPATCH3,SLC9A1,AHDC1,PTP4A2,MAP7D1,MYCBP,PABPC4,RLF,PTPRF,ATP6V0B,CCDC24,SLC6A9,RNF220,LRRC41,UQCRH,FAF1,EPS15,ZFYVE9,SELRC1,SCP2,YIPF1,CYB5RL,MRPL37,TM2D1,ACOT7,SLC35D1,GNG5,PKN2,LRRC8B,CDC7,H6PD,HES4,DNTTIP2,GCLM,ARHGAP29,AGRN,SLC25A33,GOT1,COX15,CUTC,ERLIN1,BLOC1S2,LZTS2,KAZALD1,NPM3,LDB1,ARL3,SFXN2,NEURL,SFXN4,TACC2,CTBP2,ZMYND11,SPAG6,FAM208B,SUPV3L1,P4HA1,MRPS16,NDST2,VDAC2,ZCCHC24,EXOC6,CCNJ,FRAT1,AL355490.1,PGAM1,BIRC2,RDX,FDX1,BUD13,BCL9L,TMEM136,AP002348.1,GRIK4,HYLS1,SERGEF,ASCL2,ABTB2,DGKZ,ATG13,HARBI1,CKAP5,PRPF19,NXF1,PLCB3,RELA,KAT5,OVOL1,CFL1,MUS81,C11orf68,DRAP1,BRMS1,RAD9A,CHKA,FADD,FCHSD2,RELT,PRKRIR,RP11-111M22.2,GLT8D2,HCFC2,TXNRD1,POLR3B,UNG,IFT81,NAA25,FBXO21,RPLP0,SRSF9,CABP1,ACADS,CAMKK2,ORAI1,SETD1B,WDR66,HIP1R,VPS37B,ARL6IP4,PITPNM2,C12orf65,MPHOSPH9,DDX51,NOC4L,ANKLE2,SPATS2,FMNL3,SMARCD1,DIP2B,DAZAP2,SMAGP,NR4A1,RARG,HOXC13,NXPH4,DDIT3,MBD6,C12orf61,CPM,CCT2,TMCC3,MIPEP,CDK8,KL,RFXAP,MYCBP2,HS6ST3,DOCK9,TRAF3,JAG2,RNASE11,DHRS1,NOP9,AP4S1,STRN3,HECTD1,INSM2,PAX9,FBXO34,PSMA3,GALNT16,RBM25,PNMA1,YLPM1,FOXN3,MOAP1,RP11-371E8.4,TMEM251,CHSY1,OTUD7A,SRP14,SPINT1,HAUS2,LRRC57,TTBK2,TRPM7,LYSMD2,TMOD3,TCF12,ZNF280D,ANXA2,RORA,HERC1,ZNF609,MAP2K1,TIPIN,SMAD3,RPLP1,LRRC49,THAP10,FBXO22,SCAPER,IDH3A,ABHD17C,CPEB1,POLG,TICRR,SYNM,GNPTG,TSR3,ATP6C,ATP6V0C,CORO7,CORO7-PAM16,NME4,CDIP1,DNAJA2,ACD,PARD6A,SLC7A6,RP11-529K1.3,ST3GAL2,ZNF821,IST1,PSMD7,HAGHL,MPHOSPH6,GSE1,FANCA,TCF25,TUBB3,HS3ST3A1,CRK,UBB,RAI1,PAFAH1B1,SARM1,VTN,PROCA1,NUFIP2,NF1,CDK5R1,AATF,PLXDC1,FBXL20,STAT5B,PTGES3L,PTGES3L-AARSD1,RUNDC1,LSM12,UBE2G1,NFE2L1,ZNF652,CAMTA2,NME1-NME2,COX11,STXBP4,CLTC,MED13,CCDC47,DDX42,CDC42EP4,RPL38,SLC9A3R1,SEC14L1,KDM6B,CBX8,EIF4A3,MRPL12,ALYREF,ANAPC11,MAFG,ALOXE3,GNAL,SMCHD1,B4GALT6,DTNA,DYM,LIPG,POLI,ONECUT2,ADNP2,PPP4R1,POLR2E,ELAVL3,C19orf26,MIDN,CIRBP,DHPS,APC2,BRD4,PGLS,ATP8B3,REXO1,KLF16,FZR1,THAP8,WDR62,ZFP14,PIAS4,ZNF546,ADCK4,ITPKC,DEDD2,ZNF428,FOSB,NAPA,TICAM1,RASIP1,CATSPERD,LONP1,MAP4K4,ODC1,TTL,AC011897.1,DDX1,COBLL1,FAM49A,UBR3,WDR35,FAM117B,RHOB,CCNYL1,FARSB,MFF,RNPEPL1,NCOA1,HADHA,HADHB,CAD,PPM1G,LBH,RNASEH1,MAP4K3,KCNG3,MTA3,PLEKHH2,PRKCE,MSH2,RNF144A,RTKN,MOGS,ASAP2,TMEM131,INPP4A,FLRT3,NANP,NOP56,EIF2S2,PHF20,CHD6,SERINC3,PCIF1,ZNF335,SLC9A8,GMEB2,WDR4,TRAPPC10,SPECC1L,LRP5L,RNF185,BPIFC,NPTXR,FAM118A,FANCD2,DZIP3,KIAA1524,PVRL3,ABHD10,ATG3,SLC35A5,GTPBP8,ITGB5,PODXL2,HMCES,CPNE4,DNAJC13,RYK,PIK3CB,ATP1B3,SELT,KPNA4,MYNN,CLDN11,TBC1D5,PIK3CA,CAMK2N2,TMEM41A,PPP1R2,SENP5,PDCD6IP,SLC25A38,HIGD1A,SNRK,ZNF852,TMEM158,SETD2,KIF9,KLHL18,PTPN23,SCAP,SMARCC1,P4HTM,WDR6,DALRD3,NDUFAF3,QRICH1,FAM212A,SEMA3F,RBM15B,ABHD14A,ABHD14A-ACY1,ABHD14B,ACY1,RP11-155D18.14,NT5DC2,RPP14,C3orf67,THOC7,ATXN7,FOXP1,SHQ1,PPP4R2,PDZRN3,SEC24B,CTBP1,SCOC,CLGN,TBC1D9,ABCE1,ANAPC10,ARHGAP10,DCLK2,FBXW7,PPID,SH3RF1,MED28,SPCS3,ZFYVE28,DHX15,ADRA2C,SMIM14,PDS5A,HERC5,HERC3,SLC12A7,LMNB1,SLC12A2,HINT1,VDAC1,SKP1,CLPTM1L,FAM13B,DPYSL3,LSM11,RNF145,HMMR,NUDCD2,NPM1,DDX41,FAM193B,CCDC127,SDHA,C5orf22,DROSHA,PDZD2,NUP155,CTD-2228K2.5,CDC20B,PAPD7,MRPS27,PTCD2,TNPO1,FCHO2,ANKRA2,UTP15,HEXB,FAM169A,LHFPL2,RASA1,ARSK,TTC37,C6orf52,PAK1IP1,SOBP,CD164,PPIL6,SMPD2,HEY2,CENPW,FOXQ1,SGK1,AL583828.1,GFOD1,SIRT5,TNFAIP3,HEBP2,LTV1,SAMD5,PPIL4,KATNA1,PCMT1,ULBP2,ULBP3,QKI,NUP153,KIF13A,ZSCAN31,SERPINB6,TRIM39,GNL1,PRR3,C6orf136,PPP1R18,HCG27,BPHL,HLA-B,MICB,APOM,BAG6,VARS,RXRB,SLC39A7,ZBTB9,BTBD9,PRICKLE4,BYSL,MED20,CNPY3,SRF,LRRC73,POLR1C,GTPBP2,MAD2L1BP,SLC35B2,ELOVL5,CAGE1,RIOK1,MEPCE,ZCWPW1,ALKBH4,LRWD1,PUS7,HILPDA,SMKR1,CPA4,C7orf55-LUC7L2,PARP12,MKRN1,NDUFB2,MICALL2,TMUB1,KMT2C,ACTR3B,EN2,AC009403.2,RBM33,ESYT2,BBS9,RALA,DDX56,PURB,AP5Z1,FIGNL1,AIMP2,PMS2,EIF2AK1,SBDS,EIF4H,SRRM3,HSPB1,LMTK2,ZNF789,ZSCAN21,CNPY4,TAF6,PILRB,YWHAZ,FAM91A1,ARC,NAPRT1,EEF1D,TIGD5,PLEC,CNOT7,VPS37A,EGR3,FBXO25,SLC20A2,SMIM19,HGSNAT,MCM4,PRKDC,TMEM70,TNKS,MTDH,C9orf156,MSANTD3,CTNNAL1,KIAA0368,ZNF483,C9orf147,KIAA1958,RC3H2,LRSAM1,RPL12,STXBP1,AL590708.2,PTGES2,GOLGA2,SWI5,ODF2,SET,C9orf114,ASS1,CAMSAP1,TRAF2,ANAPC2,SSNA1,RRAGA,IFT74,PLAA,UBAP2,GBA2,RGP1,EXOSC3,KIAA2026,GNAQ,ISCA1,C9orf170,CTSV,TSC22D3,RPL39,LAMP2,MECP2,RAI2,MAP3K15,SH3KBP1,ZFX,BCOR,DDX3X,WWC3
alpha	7	CEPT1,DRAM2,ATP5F1,WDR77,SLC16A1,LRIG2,PTCHD2,PLEKHO1,S100A10,DAP3,YY1AP1,TMCO1,UCK2,RASAL2,FAM20B,GNB1,AKR7A2,PQLC2,NBL1,KLHL12,CYB5R1,AVPR1B,PPP2R5A,HSPG2,WDR26,PGBD5,EXOC8,SPRTN,ACTN2,TCEB3,FUCA1,STMN1,EPB41,SNRNP40,ZCCHC17,MARCKSL1,C1orf216,ZC3H12A,MEAF6,POU3F1,RHBDL2,BMP8A,MYCL,AJAP1,CMPK1,RNF11,ORC1,PRPF38A,TTC4,JUN,PGM1,ZZZ3,ERRFI1,C10orf2,MRPL43,FBXW4,PITX3,NFKB2,NT5C2,TAF5,DUSP5,KIAA1598,GRK5,BAG3,METTL10,BCCIP,UROS,BNIP3,TUBGCP2,ZNF511,AL360181.1,PAOX,STAM,DNAJC1,BMI1,ARHGAP21,ACBD5,PFKP,KIF5B,MARCH8,FAM21C,AKR1E2,NCOA4,FAM21A,AC069547.1,NET1,JMJD1C,PSAP,MICU1,ECD,FAM149B1,ANXA7,AC022400.2,FUT11,ATP5C1,KIN,TAF3,ZMIZ1,PPIF,TNKS2,NOC3L,RRP12,CRTAC1,SBF2,CUL5,ACAT1,DLAT,REXO2,FXYD6,FXYD6-FXYD2,IL10RA,ARCN1,IFT46,PHLDB1,USP47,SLC37A4,HMBS,OAF,ARHGEF12,ZNF202,PARVA,NUCB2,PIK3C2A,NCR3LG1,CD81,NAT10,ACCSL,PHF21A,AMBRA1,SLC39A13,HNRNPUL2,TTC9C,C11orf84,MAP4K2,FOSL1,PACS1,RP11-1167A19.2,TPP1,UCP2,ARRB1,DKFZP434E1119,PAK1,CREBZF,NRIP3,DENND5A,SLC41A2,CRY1,PWP1,CORO1C,USP30,FOXN4,ATP2A2,PPTC7,ACAD10,BRAP,HECTD4,SUDS3,GATC,TRIAP1,UNC119B,SPPL3,APOLD1,MMP17,FBXL14,TWF1,SLC48A1,RND1,NCKAP5L,LIMA1,ATF1,COQ10A,AC126614.1,TBK1,TBC1D30,CPSF6,TPI1,CSRP2,GRTP1,GJA3,XPO4,SACS,NAA16,GPALPP1,NUFIP1,RB1,SERPINE3,FBXL3,IPO5,ANKRD9,CEP170B,AP5M1,EXOC5,NAA30,KIAA0586,TIMM9,DACT1,CCDC177,PCNX,CCDC176,ENTPD5,MLH3,FOS,JDP2,IFT43,ATG2B,GSKIP,C14orf64,NIPA2,MTMR10,DPH6,RASGRP1,RMDN3,DLL4,INO80,TYRO3,MGA,CDAN1,TUBGCP4,ZSCAN29,SLC30A4,MTFMT,CLN6,RP11-315D16.2,WHAMM,ZSCAN2,IGF1R,AC009041.2,SOX8,UBE2I,FAHD1,HAGH,FUS,TMEM8A,VASN,ROGDI,ARL2BP,CES4A,CTCF,NFAT5,PHLPP2,ZNRF1,KARS,TERF2IP,USP10,SPG7,ELAC2,PLD6,SPECC1,SGSM2,TSR1,DHRS13,ANKRD13B,GIT1,COPRS,MPP2,ACBD4,PLCD3,KANSL1,PELP1,DYNLL2,PPM1D,INTS2,CYB561,ERN1,AXIN2,HELZ,PSMD12,BPTF,KPNA2,GABARAP,SLC2A4,YBX2,TTYH2,ITGB4,FOXJ1,SPHK1,MFSD11,SRSF2,CBX4,BAIAP2,SLC16A3,TAF4B,DSG2,LPIN2,ASXL3,ZBTB7C,CTIF,ELAC1,SMAD4,CBLN2,RASAL3,ARMC6,SUGP2,GADD45B,FXYD3,ZFR2,ATF5,IL4I1,NUP62,DNAAF3,IL11,UBE2S,TNFSF9,REV1,PLEKHB2,MARCH7,STK39,PPIG,METTL5,DLX2,OSBPL6,GEN1,SMC6,OSGEPL1,INPP1,MFSD6,C2orf69,SPATS2L,ICA1L,RAPH1,BARD1,ATIC,FN1,TNS1,TUBA4A,SERPINE2,CUL3,AGFG1,CAB39,ILKAP,HES6,ADCY3,MAPRE3,BRE,RBKS,CLIP4,FEZ2,GPATCH11,HEATR5B,CEBPZ,NDUFAF7,PRKD3,SOS1,ATP6V1E2,RHOQ,CRIPT,PIGF,CHAC2,RAB11FIP5,SMYD5,PSMF1,BTBD3,BFSP1,DSTN,CSRP2BP,PET117,NXT1,EBF4,C20orf112,MAP1LC3A,TP53INP2,EPB41L1,TGIF2,TGIF2-C20orf24,DSN1,BLCAP,FAM83D,MYBL2,OSER1,CTSA,NEURL2,ARFGEF2,SNAI1,ADNP,DPM1,MOCS3,TAF4,ARFRP1,ZGPAT,MRPS6,SLC5A3,DIP2A,CECR5,GNAZ,RAB36,RTDR1,JOSD1,NIT2,PHLDB2,VGLL4,KPNA1,MYLK,HEG1,ZXDC,MSL2,GYG1,CAPN7,ANKRD28,SEC62,SKIL,TNIK,ZNF639,CLCN2,POLR2H,TFRC,FBXO45,WDR53,CEP19,PIGX,PAK2,NCBP2,CLASP2,GORASP1,TTC21A,XIRP1,CTNNB1,ABHD5,TMEM42,SACM1L,ATRIP,IMPDH2,HYAL2,CACNA2D2,CISH,ARL8B,ALAS1,GNL3,PBRM1,SFMBT1,CACNA1D,DENND6A,SLMAP,PSMD6,ADH6,UGT8,PHF17,LSM6,KIAA0922,FBXL5,GUCY1B3,PALLD,ACSL1,TLR3,SLIT2,HAUS3,POLN,RNF4,STIM2,ADD1,TBC1D1,KLHL5,LIAS,RPL9,UCHL1,TEC,SULT1B1,ANKRD17,CXCL6,ACOX3,PKD2,EIF4E,MARCH3,FSTL4,PPP2R2B,GALNT10,UBLCP1,PTTG1,SIMC1,KIAA1191,CDHR2,GPRIN1,NSD1,PRELID1,RAB24,HNRNPAB,IRX4,ZFR,SUB1,SLC30A5,RAD17,TAF9,BDP1,FOXD1,ARHGEF28,ZBED3,TBCA,HOMER1,TFAP2A,BVES,MICAL1,AMD1,CEP85L,FAM184A,HINT3,TBC1D7,MAP3K5,MCUR1,HECA,CD83,FBXO30,LATS1,DTNBP1,SNX9,MAP3K4,MLLT4,PHF10,CAP2,DEK,KIAA0319,HIST1H2AG,HIST1H2BJ,HIST1H2AH,HIST1H2BK,DHX16,MUC22,MICA,CFB,PHF1,HMGA1,C6orf106,ANKS1A,PXDC1,MDGA1,FOXP4,GLTSCR1L,RSPH9,HSP90AB1,RCAN2,GCLC,BEND6,BMP6,C7orf61,ACHE,ORAI2,BCAP29,ST7,ST7-OT4,WNT16,IMPDH1,CALU,STRIP2,UBE2H,MEST,UBN2,HIPK2,TBXAS1,KIAA1147,NOS3,SNX13,LFNG,SCRN1,GARS,RP9,VPS41,GLI3,ABCA13,RADIL,ACTB,FSCN1,RNF216,FAM220A,DAGLB,FLJ20306,KDELR2,MIOS,ANKIB1,KRIT1,ATP6V1C1,ZHX2,KIAA0196,NSMCE2,AGO2,DENND3,FAM83H,LRRC14,RECQL4,ZDHHC2,MTUS1,FAM160B2,POLR3D,CLU,KIF13B,DCTN6,IKBKB,FAM110B,SULF1,RP11-382J12.1,TRAM1,E2F5,RP11-122A3.2,GEM,CCNE2,NDUFAF6,TP53INP1,NANS,TGFBR1,NR4A3,FSD1L,TXN,INIP,ZNF618,MEGF9,WDR38,SPTAN1,ENDOG,DOLK,NUP188,IER5L,PTGDS,TUBB4B,NRARP,PSIP1,CDKN2B,CNTFR,KIAA1045,TESK1,DCAF10,SLC25A51,CDC37L1,KANK1,TMEM2,NXNL2,CKS2,GADD45G,PHF2,HIATL1,AAED1,ZDHHC9,MAP7D3,SCML2,CDKL5,TSPAN7,KDM6A,NHSL2,TBL1X
